entry_time,exit_time,entry,exit,sl,tp,pnl,exit_hit,risk,reward
2025-08-07 19:35:00+00:00,2025-08-08 01:40:00+00:00,3391.6949999999997,3380.14908,3381.84,3411.404999999999,-2.700384922582893,sl,9.854999999999563,19.709999999999127
2025-08-08 03:35:00+00:00,2025-08-08 10:30:00+00:00,3389.63397,3378.999655,3380.69,3407.5219099999995,-2.566390547323941,sl,8.943969999999808,17.887939999999617
2025-08-08 12:25:00+00:00,2025-08-08 14:25:00+00:00,3386.1022049999997,3377.3105,3379.0,3400.306614999999,-2.2956963837072983,sl,7.102204999999685,14.20440999999937
2025-08-08 16:10:00+00:00,2025-08-08 18:00:00+00:00,3388.323315,3375.5913600000003,3377.28,3410.409945,-2.874744256575151,sl,11.043314999999893,22.086629999999786
2025-08-08 23:00:00+00:00,2025-08-08 23:35:00+00:00,3390.4643849999998,3382.278015,3383.97,3403.4531549999997,-2.2037540516896414,sl,6.494384999999966,12.988769999999931
2025-08-09 01:40:00+00:00,2025-08-09 04:45:00+00:00,3391.024665,3382.917695,3384.61,3403.8539949999995,-2.191387989076657,sl,6.414664999999786,12.829329999999572
2025-08-09 09:55:00+00:00,2025-08-11 00:00:00+00:00,3388.8535799999995,3378.419945,3380.11,3406.3407399999983,-2.5341011519038474,sl,8.743579999999383,17.487159999998767
2025-08-11 13:45:00+00:00,2025-08-11 14:35:00+00:00,3354.4463849999997,3343.46743,3345.14,3373.0591549999995,-2.6302656723952715,sl,9.306384999999864,18.612769999999728
2025-08-11 17:40:00+00:00,2025-08-11 21:40:00+00:00,3353.0757,3337.9601850000004,3339.63,3379.9670999999994,-3.245221234481656,sl,13.44569999999976,26.89139999999952
2025-08-12 00:10:00+00:00,2025-08-12 06:15:00+00:00,3347.83308,3340.329,3342.0,3359.4992399999996,-2.1146897424315156,sl,5.833079999999882,11.666159999999763
2025-08-12 12:35:00+00:00,2025-08-12 14:10:00+00:00,3351.0346799999998,3336.8407450000004,3338.51,3376.084039999999,-3.107825368507145,sl,12.524679999999535,25.04935999999907
2025-08-12 15:30:00+00:00,2025-08-14 14:05:00+00:00,3355.03668,3330.603865,3332.27,3400.5700400000005,-4.624372472967739,sl,22.76668000000018,45.53336000000036
2025-08-14 18:40:00+00:00,2025-08-14 21:30:00+00:00,3334.98666,3325.49642,3327.16,3350.6399800000004,-2.413395293886417,sl,7.8266600000001745,15.653320000000349
2025-08-15 01:40:00+00:00,2025-08-16 14:50:00+00:00,3332.1852599999997,3325.3464950000002,3327.01,3342.535779999999,-2.0179523111323934,sl,5.1752599999995255,10.350519999999051
2025-08-16 22:35:00+00:00,2025-08-17 05:45:00+00:00,3330.794565,3325.9861750000005,3327.65,3337.0836950000003,-1.7146288953738806,sl,3.144565000000057,6.289130000000114
2025-08-17 08:15:00+00:00,2025-08-17 08:45:00+00:00,3334.92663,3330.0441450000003,3331.71,3341.3598899999997,-1.7244981415570977,sl,3.2166299999998955,6.433259999999791
2025-08-17 13:25:00+00:00,2025-08-17 16:35:00+00:00,3332.3253299999997,3327.21556,3328.88,3339.215989999999,-1.7586975228672808,sl,3.445329999999558,6.890659999999116
2025-08-17 18:45:00+00:00,2025-08-17 23:10:00+00:00,3330.54444,3325.4264550000003,3327.09,3337.45332,-1.7600215391799636,sl,3.454439999999977,6.908879999999954
2025-08-18 00:20:00+00:00,2025-08-18 04:05:00+00:00,3333.6760050000003,3343.235560992501,3328.06,3344.908015000001,0.43042920013782227,tp,5.616005000000314,11.232010000000628
2025-08-18 06:50:00+00:00,2025-08-18 08:10:00+00:00,3348.243285,3339.999165,3341.67,3361.389855,-2.2200580594484505,sl,6.573284999999942,13.146569999999883
2025-08-18 20:00:00+00:00,2025-08-19 00:00:00+00:00,3333.215775,3327.0956200000005,3328.76,3342.127325,-1.9082674256626957,sl,4.455774999999903,8.911549999999806
2025-08-19 00:15:00+00:00,2025-08-19 13:10:00+00:00,3336.8275799999997,3327.0956200000005,3328.76,3352.9627399999986,-2.4449711779923593,sl,8.067579999999452,16.135159999998905
2025-08-20 01:45:00+00:00,2025-08-20 02:00:00+00:00,3316.247295,3305.5763850000003,3307.23,3334.2818850000003,-2.594076192752707,sl,9.017295000000104,18.034590000000208
2025-08-20 04:20:00+00:00,2025-08-20 11:55:00+00:00,3312.3453449999997,3320.654876982499,3307.36,3322.316034999999,0.2517264849975068,tp,4.985344999999597,9.970689999999195
2025-08-20 13:45:00+00:00,2025-08-21 10:45:00+00:00,3337.7080199999996,3318.6198600000002,3320.28,3372.5640599999983,-3.836185874484362,sl,17.42801999999938,34.85603999999876
2025-08-21 13:35:00+00:00,2025-08-26 20:35:00+00:00,3338.5184249999998,3377.3657473624994,3318.25,3379.0552749999993,4.784896978809533,tp,20.268424999999752,40.536849999999504
2025-08-27 08:05:00+00:00,2025-08-27 23:35:00+00:00,3374.536425,3388.6940803624993,3366.61,3390.389274999999,1.0899220181250864,tp,7.926424999999654,15.852849999999307
2025-08-28 00:05:00+00:00,2025-08-28 00:55:00+00:00,3391.164735,3383.137585,3384.83,3403.8342049999997,-2.1712416897713416,sl,6.33473499999991,12.66946999999982
2025-08-28 05:35:00+00:00,2025-08-28 05:40:00+00:00,3384.701505,3379.179565,3380.87,3392.364515,-1.8052682691082431,sl,3.8315050000001065,7.663010000000213
2025-08-28 06:05:00+00:00,2025-08-28 08:40:00+00:00,3385.3618349999997,3392.6483322474996,3380.87,3394.3455049999993,0.07468853460900171,tp,4.49183499999981,8.98366999999962
2025-08-28 11:35:00+00:00,2025-08-28 17:25:00+00:00,3400.6694849999994,3418.3784107724982,3390.96,3420.0884549999982,1.5923588882352258,tp,9.709484999999404,19.418969999998808
2025-08-28 19:00:00+00:00,2025-08-31 13:00:00+00:00,3424.81155,3466.700432675,3403.0,3468.4346499999997,5.082186993604661,tp,21.811549999999897,43.623099999999795
2025-08-31 14:50:00+00:00,2025-08-31 22:05:00+00:00,3467.55291,3454.6518100000003,3456.38,3489.8987299999994,-2.8446360126254095,sl,11.172909999999774,22.34581999999955
2025-09-01 01:45:00+00:00,2025-09-01 02:05:00+00:00,3461.559915,3472.9424051274996,3455.0,3474.6797449999995,0.6392067051763142,tp,6.559914999999819,13.119829999999638
2025-09-01 02:45:00+00:00,2025-09-03 00:20:00+00:00,3487.02264,3557.0285160400003,3451.13,3558.80792,8.982557972480848,tp,35.89264000000003,71.78528000000006
2025-09-03 05:25:00+00:00,2025-09-03 14:20:00+00:00,3553.776,3574.7397359999995,3542.4,3576.5279999999993,1.9384982866652365,tp,11.375999999999749,22.751999999999498
2025-09-03 14:45:00+00:00,2025-09-04 01:35:00+00:00,3576.42732,3561.45838,3563.24,3602.80196,-3.0784415111628336,sl,13.18732,26.37464
2025-09-04 04:10:00+00:00,2025-09-05 14:00:00+00:00,3549.7239749999994,3592.2748890374983,3527.55,3594.071924999998,4.966354493384818,tp,22.173974999999245,44.34794999999849
2025-09-05 15:40:00+00:00,2025-09-08 13:10:00+00:00,3593.49585,3634.6693062249997,3572.0,3636.4875499999994,4.705422452546323,tp,21.49584999999979,42.99169999999958
2025-09-08 13:50:00+00:00,2025-09-09 13:40:00+00:00,3640.3792799999997,3674.959441079999,3622.17,3676.797839999999,3.7324787636063395,tp,18.20927999999958,36.41855999999916
2025-09-09 22:55:00+00:00,2025-09-10 00:50:00+00:00,3642.390285,3630.7337250000005,3632.55,3662.0708549999995,-2.5909605202699035,sl,9.840284999999767,19.680569999999534
2025-09-10 01:55:00+00:00,2025-09-10 12:30:00+00:00,3640.9995899999994,3660.947380614998,3630.11,3662.778769999998,1.731084312130546,tp,10.889589999999316,21.779179999998632
2025-09-10 14:20:00+00:00,2025-09-10 15:10:00+00:00,3655.7269499999998,3642.69774,3644.52,3678.1408499999993,-2.7719127264122276,sl,11.206949999999779,22.413899999999558
2025-09-10 22:05:00+00:00,2025-09-10 22:15:00+00:00,3646.10214,3637.450365,3639.27,3659.76642,-2.1781002110661403,sl,6.832139999999981,13.664279999999962
2025-09-11 06:30:00+00:00,2025-09-11 07:05:00+00:00,3631.89504,3619.3194350000003,3621.13,3653.4251199999994,-2.720010261781694,sl,10.765039999999772,21.530079999999543
2025-09-11 12:35:00+00:00,2025-09-15 16:25:00+00:00,3639.108645,3687.301362032499,3614.09,3689.145934999999,5.593744073903949,tp,25.01864499999965,50.0372899999993
2025-09-15 19:45:00+00:00,2025-09-15 21:20:00+00:00,3688.933545,3678.17999,3680.02,3706.7606349999996,-2.4482140611546153,sl,8.913544999999885,17.82708999999977
2025-09-15 23:05:00+00:00,2025-09-15 23:55:00+00:00,3687.5728649999996,3682.29793,3684.14,3694.438594999999,-1.7086018679820105,sl,3.432864999999765,6.86572999999953
2025-09-16 00:20:00+00:00,2025-09-16 06:55:00+00:00,3689.8439999999996,3699.401373999999,3684.14,3701.251999999999,0.29273314257734206,tp,5.7039999999997235,11.407999999999447
2025-09-16 09:25:00+00:00,2025-09-16 15:05:00+00:00,3709.363755,3693.93211,3695.78,3736.531264999999,-3.0669597986502017,sl,13.583754999999655,27.16750999999931
2025-09-16 20:20:00+00:00,2025-09-17 01:30:00+00:00,3700.6393949999997,3690.81367,3692.66,3716.5981849999994,-2.317176537747436,sl,7.97939499999984,15.95878999999968
2025-09-17 05:05:00+00:00,2025-09-17 06:40:00+00:00,3694.36626,3682.81767,3684.66,3713.7787799999996,-2.5508597361530727,sl,9.70625999999993,19.41251999999986
2025-09-17 12:45:00+00:00,2025-09-17 18:00:00+00:00,3688.4633099999996,3675.2714450000003,3677.11,3711.1699299999987,-2.774254562101599,sl,11.35330999999951,22.70661999999902
2025-09-17 18:10:00+00:00,2025-09-17 18:20:00+00:00,3708.4933199999996,3685.3564,3687.2,3751.079959999999,-4.0971403813870415,sl,21.293319999999767,42.586639999999534
2025-09-17 23:10:00+00:00,2025-09-18 01:15:00+00:00,3670.7044349999996,3658.2699500000003,3660.1,3691.913304999999,-2.678399371000228,sl,10.60443499999974,21.20886999999948
2025-09-18 09:15:00+00:00,2025-09-18 13:35:00+00:00,3669.8540099999996,3649.244465,3651.07,3707.4220299999984,-3.784825919833122,sl,18.784009999999398,37.568019999998796
2025-09-18 19:55:00+00:00,2025-09-18 22:55:00+00:00,3650.2842299999998,3643.8371700000002,3645.66,3659.5326899999995,-1.871444530227314,sl,4.624229999999898,9.248459999999795
2025-09-19 01:05:00+00:00,2025-09-19 01:50:00+00:00,3651.3647699999997,3641.3784,3643.2,3667.6943099999994,-2.3521447559601425,sl,8.164769999999862,16.329539999999724
2025-09-19 03:25:00+00:00,2025-09-19 05:05:00+00:00,3655.957065,3669.8153694025,3648.11,3671.651195,0.8879234035652036,tp,7.84706499999993,15.69412999999986
2025-09-19 09:05:00+00:00,2025-09-19 11:40:00+00:00,3665.0716199999997,3653.95211,3655.78,3683.6548599999987,-2.500217330202287,sl,9.291619999999511,18.583239999999023
2025-09-19 13:15:00+00:00,2025-09-19 16:10:00+00:00,3662.21019,3677.271014714999,3653.76,3679.110569999999,1.0475486321380554,tp,8.450189999999566,16.90037999999913
2025-09-19 18:20:00+00:00,2025-09-22 06:30:00+00:00,3685.5918749999996,3710.919237187499,3672.0,3712.775624999999,2.4174863418452435,tp,13.591874999999618,27.183749999999236
2025-09-22 10:15:00+00:00,2025-09-23 08:40:00+00:00,3735.877005,3777.7212094924994,3714.01,3779.611014999999,4.56735641038512,tp,21.867004999999608,43.734009999999216
2025-09-23 18:45:00+00:00,2025-09-23 18:50:00+00:00,3790.75443,3780.1789650000005,3782.07,3808.1232899999995,-2.380347098236861,sl,8.684429999999793,17.368859999999586
2025-09-23 23:10:00+00:00,2025-09-23 23:35:00+00:00,3780.079095,3772.3029050000005,3774.19,3791.857285,-2.015915617509614,sl,5.8890949999999975,11.778189999999995
2025-09-24 05:25:00+00:00,2025-09-24 09:30:00+00:00,3786.0720899999997,3770.4538300000004,3772.34,3813.5362699999987,-3.04235806481368,sl,13.732089999999516,27.464179999999033
2025-09-24 13:15:00+00:00,2025-09-24 13:30:00+00:00,3781.339725,3772.0330400000003,3773.92,3796.1791749999993,-2.215459920906997,sl,7.419724999999744,14.839449999999488
2025-09-24 19:50:00+00:00,2025-09-26 14:15:00+00:00,3742.8705,3785.15797425,3720.78,3787.0514999999996,4.613406757187306,tp,22.090499999999793,44.180999999999585
2025-09-26 17:40:00+00:00,2025-09-26 19:50:00+00:00,3791.5648349999997,3776.05103,3777.94,3818.814504999999,-3.025515435830196,sl,13.62483499999962,27.24966999999924
2025-09-26 22:30:00+00:00,2025-09-26 23:25:00+00:00,3779.66889,3773.2224450000003,3775.11,3788.7866699999995,-1.840249893582996,sl,4.558889999999792,9.117779999999584
2025-09-27 02:00:00+00:00,2025-09-29 02:20:00+00:00,3777.2877,3800.9616684499997,3764.5,3802.8630999999996,2.116766693183886,tp,12.787699999999859,25.575399999999718
2025-09-29 03:05:00+00:00,2025-09-30 03:15:00+00:00,3806.072085,3864.063256872499,3776.11,3865.996254999999,6.569128596683074,tp,29.96208499999966,59.92416999999932
2025-09-30 05:05:00+00:00,2025-09-30 06:15:00+00:00,3880.7694149999998,3871.1334650000003,3873.07,3896.168244999999,-2.227667217266528,sl,7.69941499999959,15.39882999999918
2025-09-30 11:35:00+00:00,2025-10-01 02:05:00+00:00,3833.2656749999996,3884.014046487499,3806.92,3885.957024999999,5.580053158720426,tp,26.345674999999574,52.69134999999915
2025-10-01 07:15:00+00:00,2025-10-02 00:10:00+00:00,3879.5287949999997,3861.698185,3863.63,3911.326384999999,-3.2783214378034344,sl,15.898794999999609,31.797589999999218
2025-10-02 02:15:00+00:00,2025-10-02 14:35:00+00:00,3875.9269949999994,3854.0819950000005,3856.01,3915.7609849999976,-3.7938025792282026,sl,19.916994999999133,39.833989999998266
2025-10-02 17:05:00+00:00,2025-10-06 02:00:00+00:00,3857.197635,3922.0508985475003,3823.79,3924.012905,7.354044261021018,tp,33.40763500000003,66.81527000000006
2025-10-06 07:40:00+00:00,2025-10-06 15:55:00+00:00,3945.4017149999995,3969.9591724274987,3932.13,3971.9451449999983,2.0979624109895663,tp,13.271714999999404,26.543429999998807
2025-10-06 18:30:00+00:00,2025-10-07 07:20:00+00:00,3973.3857,3956.66068,3958.64,4002.8770999999997,-3.0868670970383274,sl,14.745699999999943,29.491399999999885
2025-10-07 09:10:00+00:00,2025-10-07 23:00:00+00:00,3970.0440299999996,4001.350413954999,3953.39,4003.352089999999,2.923142617281119,tp,16.654029999999693,33.30805999999939
2025-10-08 00:15:00+00:00,2025-10-08 04:10:00+00:00,4007.86293,4028.333615605,3996.62,4030.3487899999996,1.5434068299281647,tp,11.242929999999888,22.485859999999775
2025-10-08 07:30:00+00:00,2025-10-08 22:10:00+00:00,4049.4637199999997,4030.5936950000005,4032.61,4083.171159999999,-3.3112752559994734,sl,16.853719999999612,33.707439999999224
2025-10-09 00:20:00+00:00,2025-10-09 16:30:00+00:00,4045.1815799999995,4018.9895,4021.0,4093.5447399999985,-4.21201559323876,sl,24.181579999999485,48.36315999999897
2025-10-09 19:15:00+00:00,2025-10-10 04:05:00+00:00,3989.1335699999995,3959.9590300000004,3961.94,4043.5207099999984,-4.626750896709032,sl,27.193569999999454,54.38713999999891
2025-10-10 08:05:00+00:00,2025-10-10 09:45:00+00:00,3986.502255,4010.8003616175,3973.35,4012.806765,2.0319785221109825,tp,13.152254999999968,26.304509999999937
2025-10-10 15:10:00+00:00,2025-10-10 21:15:00+00:00,4021.1695799999998,3979.5292400000003,3981.52,4100.468739999999,-6.135915312849162,sl,39.64957999999979,79.29915999999957
2025-10-11 02:55:00+00:00,2025-10-13 05:05:00+00:00,3986.9925,4058.94701125,3950.0,4060.9774999999995,7.962261336217643,tp,36.992499999999836,73.98499999999967
2025-10-13 07:50:00+00:00,2025-10-13 13:50:00+00:00,4081.7098349999997,4097.899530247499,4072.59,4099.949504999999,0.9755863406905316,tp,9.119834999999512,18.239669999999023
2025-10-13 14:40:00+00:00,2025-10-13 23:45:00+00:00,4106.041995,4138.935482007499,4088.56,4141.005984999999,2.984561650330299,tp,17.481994999999642,34.963989999999285
2025-10-14 01:05:00+00:00,2025-10-14 03:50:00+00:00,4149.103515,4178.280359727499,4133.47,4180.370544999999,2.4991030849348546,tp,15.633514999999534,31.267029999999068
2025-10-14 05:00:00+00:00,2025-10-14 05:40:00+00:00,4187.13252,4145.056435,4147.13,4267.13756,-5.988772785387705,sl,40.002520000000004,80.00504000000001
2025-10-14 08:05:00+00:00,2025-10-15 22:35:00+00:00,4149.243585,4238.8502696225005,4103.38,4240.970755,9.7314540203184,tp,45.86358500000006,91.72717000000011
2025-10-15 23:15:00+00:00,2025-10-16 15:00:00+00:00,4241.59974,4283.016640389999,4219.82,4285.15922,3.859050014421033,tp,21.779739999999947,43.559479999999894
2025-10-16 16:15:00+00:00,2025-10-16 19:50:00+00:00,4302.220034999999,4332.232904947498,4286.13,4334.400104999998,2.4738157116110844,tp,16.09003499999926,32.18006999999852
2025-10-16 20:45:00+00:00,2025-10-16 22:10:00+00:00,4353.665744999999,4458.706766382499,4300.03,4460.9372349999985,11.006306770824144,tp,53.63574499999959,107.27148999999918
2025-10-17 03:50:00+00:00,2025-10-17 14:00:00+00:00,4398.197999999999,4253.872,4256.0,4682.593999999998,-17.33909405420718,sl,142.1979999999994,284.3959999999988
2025-10-17 20:50:00+00:00,2025-10-17 23:40:00+00:00,4261.9599149999995,4223.527180000001,4225.64,4334.599744999998,-5.478330749313712,sl,36.31991499999913,72.63982999999826
2025-10-18 02:25:00+00:00,2025-10-18 03:35:00+00:00,4250.10399,4237.32028,4239.44,4271.43197,-2.4892472782040658,sl,10.663990000000013,21.327980000000025
2025-10-18 04:35:00+00:00,2025-10-18 05:35:00+00:00,4252.64526,4236.8805,4239.0,4279.935780000001,-2.8359435951565546,sl,13.645260000000235,27.29052000000047
2025-10-18 08:05:00+00:00,2025-10-20 00:10:00+00:00,4242.360119999999,4223.887000000001,4226.0,4275.080359999998,-3.15663413642036,sl,16.36011999999937,32.72023999999874
2025-10-20 02:35:00+00:00,2025-10-20 19:05:00+00:00,4269.123495,4367.6855497575,4218.75,4369.8704849999995,10.467654854093551,tp,50.37349499999982,100.74698999999964
2025-10-21 11:15:00+00:00,2025-10-21 12:10:00+00:00,4272.485175,4248.244815,4250.37,4316.715525,-3.814533364790269,sl,22.11517499999991,44.23034999999982
2025-10-21 18:40:00+00:00,2025-10-21 18:45:00+00:00,4130.464199999999,4110.573685,4112.63,4166.132599999998,-3.386818667036736,sl,17.834199999999328,35.668399999998655
2025-10-21 20:35:00+00:00,2025-10-21 23:55:00+00:00,4134.976455,4105.716115000001,4107.77,4189.389364999999,-4.50836808955876,sl,27.20645499999955,54.4129099999991
2025-10-22 03:25:00+00:00,2025-10-22 06:35:00+00:00,4121.729835,4151.812560247501,4105.65,4153.889505000001,2.6291300778530653,tp,16.079835000000458,32.159670000000915
2025-10-22 12:40:00+00:00,2025-10-23 14:05:00+00:00,4066.89243,4152.599951355,4023.0,4154.67729,9.469760900631586,tp,43.89242999999988,87.78485999999975
2025-10-24 00:10:00+00:00,2025-10-24 04:35:00+00:00,4129.913925,4101.588180000001,4103.64,4182.461774999999,-4.403653212484155,sl,26.273924999999508,52.547849999999016
2025-10-24 12:35:00+00:00,2025-10-27 08:50:00+00:00,4088.5332449999996,4043.2273750000004,4045.25,4175.099734999999,-6.499321636486968,sl,43.283244999999624,86.56648999999925
2025-10-27 16:15:00+00:00,2025-10-28 04:25:00+00:00,3992.145075,3965.406305,3967.39,4041.655225,-4.318983842636495,sl,24.755075000000033,49.51015000000007
2025-10-28 10:35:00+00:00,2025-10-28 14:40:00+00:00,3926.612325,3963.1743965125,3907.34,3965.156975,3.627103697366393,tp,19.27232499999991,38.54464999999982
2025-10-29 00:00:00+00:00,2025-10-29 18:40:00+00:00,3970.4042099999997,3936.760635,3938.73,4033.752629999999,-5.200178688739461,sl,31.674209999999675,63.34841999999935
2025-10-29 22:40:00+00:00,2025-10-30 09:05:00+00:00,3945.4217249999997,3990.8487524124994,3921.71,3992.845174999999,4.719301233913716,tp,23.71172499999966,47.42344999999932
2025-10-30 13:55:00+00:00,2025-11-04 06:05:00+00:00,3990.4842449999996,3958.8096050000004,3960.79,4049.872734999999,-4.933841610144757,sl,29.694244999999682,59.388489999999365
2025-11-04 11:35:00+00:00,2025-11-04 12:30:00+00:00,3994.506255,3978.2798650000004,3980.27,4022.9787649999994,-3.008673192639669,sl,14.236254999999801,28.472509999999602
2025-11-04 16:25:00+00:00,2025-11-04 18:05:00+00:00,3969.5838,3938.4298000000003,3940.4,4027.9513999999995,-4.885574315451709,sl,29.183799999999792,58.367599999999584
2025-11-05 00:15:00+00:00,2025-11-05 00:40:00+00:00,3936.537285,3924.3368500000006,3926.3,3957.0118549999993,-2.5289319302949904,sl,10.237284999999702,20.474569999999403
2025-11-05 01:30:00+00:00,2025-11-05 01:55:00+00:00,3939.4387349999997,3919.8690850000003,3921.83,3974.6562049999993,-3.454271889444005,sl,17.608734999999797,35.217469999999594
2025-11-05 02:50:00+00:00,2025-11-06 07:00:00+00:00,3943.060545,3987.1870441825,3920.0,3989.1816349999995,4.552610510511921,tp,23.06054499999982,46.12108999999964
2025-11-06 08:25:00+00:00,2025-11-06 15:00:00+00:00,4013.46573,3973.2223950000002,3975.21,4089.9771899999996,-5.9624883698563025,sl,38.25572999999986,76.51145999999972
2025-11-06 17:05:00+00:00,2025-11-06 17:15:00+00:00,3982.85043,3970.503755,3972.49,4003.5712900000003,-2.5273842412769065,sl,10.360430000000179,20.720860000000357
2025-11-06 17:55:00+00:00,2025-11-10 01:20:00+00:00,3985.261635,4029.4091925475,3962.18,4031.424905,4.49473134425403,tp,23.081635000000006,46.16327000000001
2025-11-10 03:45:00+00:00,2025-11-10 12:00:00+00:00,4048.0229999999997,4082.5866854999995,4029.72,4084.6289999999995,3.2386161877439834,tp,18.302999999999884,36.60599999999977
2025-11-10 16:30:00+00:00,2025-11-11 00:35:00+00:00,4089.793875,4121.1400241875,4073.09,4123.201625,2.8065232761565557,tp,16.703874999999698,33.40774999999985
2025-11-11 03:35:00+00:00,2025-11-11 05:30:00+00:00,4138.758344999999,4120.888525,4122.95,4170.375034999998,-3.133140146865465,sl,15.808344999999463,31.616689999998925
2025-11-11 08:05:00+00:00,2025-11-11 15:05:00+00:00,4126.062,4109.22436,4111.28,4155.626,-3.014751384501835,sl,14.782000000000153,29.564000000000306
2025-11-11 16:55:00+00:00,2025-11-12 15:10:00+00:00,4107.27261,4149.482051085,4085.13,4151.55783,4.099877369300878,tp,22.142609999999877,44.285219999999754
2025-11-12 16:35:00+00:00,2025-11-14 12:00:00+00:00,4186.11201,4115.66114,4117.72,4322.896029999999,-9.334348570116806,sl,68.39200999999957,136.78401999999915
2025-11-14 15:50:00+00:00,2025-11-17 19:35:00+00:00,4079.748855,4020.3388250000003,4022.35,4194.546565,-8.202692829560881,sl,57.39885499999991,114.79770999999982
2025-11-18 05:35:00+00:00,2025-11-18 07:35:00+00:00,4011.1645799999997,3994.4018,3996.4,4040.693739999999,-3.0583562189917632,sl,14.764579999999569,29.529159999999138
2025-11-18 08:15:00+00:00,2025-11-18 14:15:00+00:00,4020.6893399999994,4067.7331359899986,3996.15,4069.768019999998,4.7972713637779645,tp,24.539339999999356,49.07867999999871
2025-11-18 17:45:00+00:00,2025-11-19 15:00:00+00:00,4066.33215,4122.274281775001,4037.33,4124.336450000001,5.81755310674089,tp,29.002150000000256,58.00430000000051
2025-11-19 18:55:00+00:00,2025-11-19 19:10:00+00:00,4085.191575,4066.2158750000003,4068.25,4119.0747249999995,-3.2914234836173075,sl,16.94157499999983,33.88314999999966
2025-11-19 21:35:00+00:00,2025-11-20 02:05:00+00:00,4076.9474549999995,4059.899035,4061.93,4106.982364999999,-3.0609759856859884,sl,15.0174549999997,30.0349099999994
2025-11-20 04:50:00+00:00,2025-11-20 06:25:00+00:00,4074.3461549999997,4057.5801950000005,4059.61,4103.8184649999985,-3.0270450157468796,sl,14.736154999999599,29.472309999998743
2025-11-20 12:10:00+00:00,2025-11-20 16:55:00+00:00,4063.57077,4044.386795,4046.41,4097.892309999999,-3.3258914313033494,sl,17.160769999999957,34.32153999999946
2025-11-20 17:55:00+00:00,2025-11-21 05:50:00+00:00,4056.6373049999997,4036.0109850000003,4038.03,4093.851914999999,-3.5045994988035147,sl,18.607304999999542,37.214609999999084
2025-11-21 08:30:00+00:00,2025-11-21 10:40:00+00:00,4035.866925,4074.7223946124996,4015.42,4076.7607749999993,3.769796896521859,tp,20.446924999999737,40.893849999999475
2025-11-21 16:30:00+00:00,2025-11-23 13:55:00+00:00,4070.0339999999997,4048.9745000000003,4051.0,4108.101999999999,-3.549052506829946,sl,19.03399999999965,38.0679999999993
2025-11-23 17:30:00+00:00,2025-11-24 01:55:00+00:00,4053.0254999999997,4038.63967,4040.66,4077.7564999999995,-2.7444811171333816,sl,12.365499999999884,24.730999999999767
2025-11-24 03:35:00+00:00,2025-11-24 05:45:00+00:00,4048.00299,4033.272355,4035.29,4073.42897,-2.7879954342278115,sl,12.71298999999999,25.42597999999998
2025-11-24 06:05:00+00:00,2025-11-24 09:10:00+00:00,4045.7518649999997,4062.543307202499,4036.34,4064.575594999999,1.0615165054861895,tp,9.41186499999958,18.82372999999916
2025-11-24 10:05:00+00:00,2025-11-24 18:50:00+00:00,4069.7538599999993,4117.901599209998,4044.65,4119.961579999997,4.856838784511191,tp,25.10385999999926,50.20771999999806
2025-11-24 20:25:00+00:00,2025-11-25 02:45:00+00:00,4126.011974999999,4148.040867037498,4113.96,4150.115924999998,1.6498088748626878,tp,12.051974999999402,24.103949999998804
2025-11-25 05:55:00+00:00,2025-11-25 06:40:00+00:00,4148.61327,4137.230350000001,4139.3,4167.239809999999,-2.346686608299467,sl,9.313269999999648,18.626539999999295
2025-11-25 12:20:00+00:00,2025-11-25 12:40:00+00:00,4136.277105,4121.468235,4123.53,4161.771315000001,-2.759638979891368,sl,12.747105000000374,25.49421000000075
2025-11-25 13:25:00+00:00,2025-11-28 14:40:00+00:00,4138.50822,4200.46337767,4106.48,4202.56466,6.409276481736649,tp,32.02822000000015,64.0564400000003
2025-11-28 16:00:00+00:00,2025-11-29 14:00:00+00:00,4209.62376,4251.084674360001,4187.83,4253.211280000001,3.8807128755941687,tp,21.793760000000475,43.58752000000095
2025-11-29 14:25:00+00:00,2025-11-29 15:35:00+00:00,4253.055465,4243.507185,4245.63,4267.906395000001,-2.101166121963641,sl,7.425465000000258,14.850930000000517
2025-11-29 22:35:00+00:00,2025-11-30 03:15:00+00:00,4251.114495,4239.729075,4241.85,4269.643484999999,-2.3149847860058292,sl,9.264494999999442,18.528989999998885
2025-11-30 06:05:00+00:00,2025-11-30 13:05:00+00:00,4249.9939349999995,4239.49919,4241.62,4266.741804999999,-2.2111566863968752,sl,8.37393499999962,16.74786999999924
2025-11-30 15:00:00+00:00,2025-11-30 23:05:00+00:00,4248.653265,4235.950965,4238.07,4269.819795,-2.4679358232351287,sl,10.58326500000021,21.16653000000042
2025-12-01 01:35:00+00:00,2025-12-01 05:20:00+00:00,4254.636255,4225.556165,4227.67,4308.568765000001,-4.367930923248784,sl,26.966255000000274,53.93251000000055
2025-12-01 07:30:00+00:00,2025-12-02 01:05:00+00:00,4247.982929999999,4226.64562,4228.76,4286.428789999997,-3.470763820929147,sl,19.222929999998996,38.44585999999799
2025-12-02 03:20:00+00:00,2025-12-02 06:25:00+00:00,4242.76032,4217.9199849999995,4220.03,4288.2209600000015,-3.880379173195923,sl,22.730320000000575,45.46064000000115
2025-12-02 12:45:00+00:00,2025-12-02 15:35:00+00:00,4213.055474999999,4183.557175,4185.65,4267.866424999998,-4.445068429550898,sl,27.40547499999957,54.81094999999914
2025-12-02 20:30:00+00:00,2025-12-02 23:55:00+00:00,4199.798849999999,4214.168411724997,4191.56,4216.276549999997,0.7004803963597351,tp,8.23884999999882,16.47769999999764
2025-12-03 00:20:00+00:00,2025-12-03 14:35:00+00:00,4214.8763850000005,4243.846170422502,4199.33,4245.969155000002,2.4039945234662987,tp,15.546385000000555,31.09277000000111
2025-12-03 19:30:00+00:00,2025-12-04 03:00:00+00:00,4216.68729,4202.437730000001,4204.54,4240.98187,-2.656383304346218,sl,12.147289999999884,24.29457999999977
2025-12-04 08:20:00+00:00,2025-12-04 08:55:00+00:00,4202.650275,4191.373265,4193.47,4221.010824999999,-2.3121871502156717,sl,9.18027499999971,18.36054999999942
2025-12-04 09:45:00+00:00,2025-12-05 06:10:00+00:00,4204.511205,4230.297408192499,4190.56,4232.413614999999,2.038150629260833,tp,13.95120499999939,27.90240999999878
2025-12-05 07:10:00+00:00,2025-12-05 07:50:00+00:00,4237.287585,4227.2853,4229.4,4253.062755000001,-2.1528415967831176,sl,7.887585000000399,15.775170000000799
2025-12-05 10:10:00+00:00,2025-12-05 15:30:00+00:00,4234.97643,4252.342055355,4225.23,4254.46929,1.035360320990355,tp,9.746430000000146,19.49286000000029
2025-12-06 00:40:00+00:00,2025-12-07 15:05:00+00:00,4212.955425,4201.268315,4203.37,4232.1262750000005,-2.3566543740725465,sl,9.585425000000214,19.170850000000428
2025-12-07 16:00:00+00:00,2025-12-08 15:00:00+00:00,4210.54422,4200.348775,4202.45,4226.73266,-2.1821114930297174,sl,8.09421999999995,16.1884399999999
2025-12-08 20:20:00+00:00,2025-12-09 05:20:00+00:00,4200.43917,4192.502700000001,4194.6,4212.117509999998,-1.9192614462975848,sl,5.839169999999285,11.67833999999857
2025-12-09 09:10:00+00:00,2025-12-11 15:40:00+00:00,4209.883889999999,4254.7232441649985,4186.4,4256.851669999998,4.264849736928246,tp,23.48388999999952,46.96777999999904
2025-12-11 21:25:00+00:00,2025-12-12 08:50:00+00:00,4288.4931750000005,4314.061415237502,4274.63,4316.219525000001,1.9535662550048034,tp,13.86317500000041,27.72635000000082
2025-12-12 09:55:00+00:00,2025-12-12 16:00:00+00:00,4329.263550000001,4293.722065,4295.87,4396.050650000002,-5.038559058983732,sl,33.39355000000069,66.78710000000137
2025-12-12 20:05:00+00:00,2025-12-12 20:30:00+00:00,4311.65475,4299.079385,4301.23,4332.50425,-2.4256760193212688,sl,10.424750000000131,20.849500000000262
2025-12-12 21:25:00+00:00,2025-12-15 05:30:00+00:00,4315.906875,4344.527274687499,4300.51,4346.700624999999,2.2824789558982967,tp,15.396874999999454,30.79374999999891
2025-12-15 08:30:00+00:00,2025-12-15 13:55:00+00:00,4360.669244999999,4344.936445,4347.11,4387.787734999998,-2.7665542885685417,sl,13.559244999999464,27.11848999999893
2025-12-15 18:35:00+00:00,2025-12-16 03:10:00+00:00,4321.809824999999,4297.85,4300.0,4365.429474999998,-3.720285944210575,sl,21.809824999999364,43.61964999999873
2025-12-16 05:10:00+00:00,2025-12-16 05:30:00+00:00,4307.022435,4292.89248,4295.04,4330.987305,-2.6034776432042843,sl,11.982434999999896,23.96486999999979
2025-12-16 12:10:00+00:00,2025-12-16 14:00:00+00:00,4299.648749999999,4322.683826874998,4287.05,4324.846249999998,1.6532294285684992,tp,12.5987499999992,25.1974999999984
2025-12-16 18:50:00+00:00,2025-12-16 19:25:00+00:00,4327.7628,4311.30327,4313.46,4356.368400000001,-2.860738672489769,sl,14.302800000000389,28.605600000000777
2025-12-16 19:50:00+00:00,2025-12-16 21:20:00+00:00,4328.7532949999995,4311.30327,4313.46,4359.3398849999985,-2.9722056643433534,sl,15.293294999999489,30.586589999998978
2025-12-17 01:05:00+00:00,2025-12-18 16:10:00+00:00,4332.00492,4367.090122620001,4313.37,4369.274760000001,3.0027677687006773,tp,18.63492000000042,37.26984000000084
2025-12-18 20:35:00+00:00,2025-12-19 01:25:00+00:00,4350.43413,4330.2737799999995,4332.44,4386.42239,-3.2692353838949257,sl,17.99413000000004,35.98826000000008
2025-12-19 05:35:00+00:00,2025-12-19 15:20:00+00:00,4337.477655000001,4354.634558517501,4327.81,4356.812965000001,0.9620610350670585,tp,9.667655000000195,19.33531000000039
2025-12-19 16:00:00+00:00,2025-12-22 05:25:00+00:00,4361.35959,4415.649840615001,4333.11,4417.858770000001,5.144958370491821,tp,28.249590000000353,56.499180000000706
2025-12-22 06:45:00+00:00,2025-12-23 01:00:00+00:00,4425.731760000001,4493.907202360001,4390.52,4496.155280000001,6.604475671751008,tp,35.21176000000014,70.42352000000028
2025-12-23 02:45:00+00:00,2025-12-23 14:05:00+00:00,4519.248495,4475.311225,4477.55,4602.645484999999,-5.781411293003497,sl,41.69849499999964,83.39698999999928
2025-12-23 19:00:00+00:00,2025-12-23 23:50:00+00:00,4504.200975,4532.4955435374995,4488.92,4534.762924999999,2.109207509502992,tp,15.280974999999671,30.561949999999342
2025-12-24 09:50:00+00:00,2025-12-24 13:20:00+00:00,4512.875309999999,4496.150799999999,4498.4,4541.825929999999,-2.813634876879281,sl,14.475309999999808,28.950619999999617
2025-12-24 16:40:00+00:00,2025-12-26 13:40:00+00:00,4493.88582,4547.382631270001,4466.0,4549.657460000001,4.8797957953508355,tp,27.88582000000042,55.77164000000084
2025-12-26 14:00:00+00:00,2025-12-29 00:20:00+00:00,4550.0739,4524.1368,4526.4,4597.421700000002,-3.7975407484807127,sl,23.673900000000685,47.34780000000137
2025-12-29 12:55:00+00:00,2025-12-29 13:40:00+00:00,4483.90083,4449.774,4452.0,4547.702489999999,-4.737710527549774,sl,31.900829999999587,63.801659999999174
2025-12-29 19:15:00+00:00,2025-12-30 10:30:00+00:00,4363.650735,4403.7292388975,4342.51,4405.932205,3.5382253834264072,tp,21.14073499999995,42.2814699999999
2025-12-30 12:15:00+00:00,2025-12-30 14:40:00+00:00,4415.936865,4382.8075,4385.0,4477.810594999999,-4.683548566037866,sl,30.93686499999967,61.87372999999934
2025-12-30 17:00:00+00:00,2025-12-30 19:45:00+00:00,4396.207005,4371.852980000001,4374.04,4440.541015000001,-3.714718537327178,sl,22.167005000000245,44.33401000000049
2025-12-30 23:15:00+00:00,2025-12-30 23:25:00+00:00,4369.833825,4357.1303450000005,4359.31,4390.881474999998,-2.4170687049143047,sl,10.523824999999306,21.04764999999861
2025-12-31 01:10:00+00:00,2025-12-31 04:55:00+00:00,4370.454135,4349.94394,4352.12,4407.122405,-3.29554540197954,sl,18.33413500000006,36.66827000000012
2025-12-31 09:45:00+00:00,2025-12-31 10:40:00+00:00,4353.79581,4321.368235,4323.53,4414.327429999999,-4.650222021714984,sl,30.265809999999874,60.53161999999975
2025-12-31 13:25:00+00:00,2026-01-02 03:40:00+00:00,4341.7698,4379.9183453,4321.6,4382.109399999999,3.336898674774519,tp,20.169799999999668,40.339599999999336
2026-01-02 05:10:00+00:00,2026-01-02 15:10:00+00:00,4388.002905,4350.6136050000005,4352.79,4458.428715000001,-5.177379665046456,sl,35.21290500000032,70.42581000000064
2026-01-02 20:25:00+00:00,2026-01-03 09:15:00+00:00,4342.159995,4371.6130850075,4326.34,4373.799985,2.3511123148860675,tp,15.819994999999835,31.63998999999967
2026-01-03 12:35:00+00:00,2026-01-03 13:45:00+00:00,4373.845829999999,4362.3277450000005,4364.51,4392.517489999997,-2.2800340453099466,sl,9.335829999999078,18.671659999998155
2026-01-03 17:05:00+00:00,2026-01-03 23:50:00+00:00,4368.1329749999995,4351.32325,4353.5,4397.398924999999,-2.876927521390008,sl,14.632974999999533,29.265949999999066
2026-01-04 01:40:00+00:00,2026-01-04 03:15:00+00:00,4361.189505,4350.34374,4352.52,4378.528515,-2.206809563018944,sl,8.669504999999845,17.33900999999969
2026-01-04 07:50:00+00:00,2026-01-04 11:35:00+00:00,4357.21752,4346.885470000001,4349.06,4373.53256,-2.149480520878548,sl,8.15751999999975,16.3150399999995
2026-01-04 14:25:00+00:00,2026-01-04 17:05:00+00:00,4353.005415,4361.394456877499,4347.72,4363.576244999998,-0.03676554126182041,tp,5.285414999999375,10.57082999999875
2026-01-04 18:55:00+00:00,2026-01-04 20:05:00+00:00,4366.091955,4376.9063170675,4359.59,4379.095864999999,0.23336223150672308,tp,6.501954999999725,13.00390999999945
2026-01-04 21:35:00+00:00,2026-01-05 06:30:00+00:00,4382.540175,4426.2263047375,4359.59,4428.440525,3.914669539971018,tp,22.950174999999945,45.90034999999989
2026-01-05 08:15:00+00:00,2026-01-05 11:25:00+00:00,4436.227005,4425.975905,4428.19,4452.301015,-2.1201770357201424,sl,8.037005000000136,16.07401000000027
2026-01-05 14:05:00+00:00,2026-01-06 14:35:00+00:00,4435.666724999999,4487.755174912498,4408.5,4490.000174999997,4.7877305094527856,tp,27.166724999999133,54.333449999998265
2026-01-06 17:35:00+00:00,2026-01-07 02:00:00+00:00,4509.95385,4471.992885,4474.23,4581.4015500000005,-5.123488506538868,sl,35.72385000000031,71.44770000000062
2026-01-07 07:55:00+00:00,2026-01-07 12:15:00+00:00,4477.637699999999,4453.622075,4455.85,4521.213099999997,-3.619988283219249,sl,21.78769999999895,43.5753999999979
2026-01-07 14:05:00+00:00,2026-01-07 15:10:00+00:00,4468.39308,4440.11883,4442.34,4520.499239999999,-4.0923448665483,sl,26.05307999999968,52.10615999999936
2026-01-07 16:25:00+00:00,2026-01-08 05:30:00+00:00,4471.984875,4436.930425,4439.15,4537.654625000001,-4.832722088719571,sl,32.834875000000466,65.66975000000093
2026-01-08 06:35:00+00:00,2026-01-08 12:00:00+00:00,4445.331555,4427.785,4430.0,4475.994664999999,-2.9201889104341916,sl,15.331554999999753,30.663109999999506
2026-01-08 13:25:00+00:00,2026-01-09 13:30:00+00:00,4445.031405,4488.748717892499,4422.05,4490.994214999999,3.8437706968983925,tp,22.98140499999954,45.96280999999908
2026-01-09 14:25:00+00:00,2026-01-09 17:10:00+00:00,4500.599175,4468.294735,4470.53,4560.737525000001,-4.506379073315345,sl,30.06917500000054,60.13835000000108
2026-01-09 20:15:00+00:00,2026-01-11 23:25:00+00:00,4511.43459,4536.834218114999,4497.6,4539.103769999999,1.7801988663141786,tp,13.83458999999948,27.66917999999896
2026-01-12 03:30:00+00:00,2026-01-12 15:35:00+00:00,4587.21246,4629.521461310001,4564.9,4631.83738,3.543934520998482,tp,22.3124600000001,44.6249200000002
2026-01-12 16:15:00+00:00,2026-01-13 06:40:00+00:00,4639.77873,4588.994355,4591.29,4736.75619,-6.356437501217203,sl,48.48873000000003,96.97746000000006
2026-01-13 08:10:00+00:00,2026-01-13 14:45:00+00:00,4605.251474999999,4634.7358977874965,4589.35,4637.054424999997,2.1589172748657006,tp,15.901474999998754,31.80294999999751
2026-01-14 00:00:00+00:00,2026-01-15 05:45:00+00:00,4607.272485,4565.9159,4568.2,4685.417455000002,-5.387441666805881,sl,39.0724850000006,78.1449700000012
2026-01-15 06:10:00+00:00,2026-01-15 13:45:00+00:00,4613.175434999999,4590.203750000001,4592.5,4654.526304999998,-3.42420975702749,sl,20.675434999999197,41.350869999998395
2026-01-15 16:15:00+00:00,2026-01-15 16:35:00+00:00,4631.094389999999,4614.97136,4617.28,4658.723169999998,-2.6885046136462925,sl,13.814389999999548,27.628779999999097
2026-01-15 18:05:00+00:00,2026-01-16 01:00:00+00:00,4634.866275,4609.8939,4612.2,4680.198825000001,-3.622237304652198,sl,22.666275000000496,45.33255000000099
2026-01-16 04:15:00+00:00,2026-01-16 13:15:00+00:00,4613.34552,4603.93688,4606.24,4627.55656,-1.9802130982815505,sl,7.10552000000007,14.21104000000014
2026-01-16 14:10:00+00:00,2026-01-16 15:25:00+00:00,4619.508599999999,4596.24073,4598.54,4661.445799999998,-3.448189101231868,sl,20.968599999999242,41.937199999998484
2026-01-16 21:20:00+00:00,2026-01-18 23:00:00+00:00,4610.173935,4639.081104097499,4594.56,4641.401804999999,2.090209620227723,tp,15.613934999999401,31.227869999998802
2026-01-19 05:05:00+00:00,2026-01-19 11:25:00+00:00,4685.091375,4669.74396,4672.08,4711.114125,-2.5851202914366747,sl,13.011375000000044,26.022750000000087
2026-01-19 12:25:00+00:00,2026-01-20 05:30:00+00:00,4683.770715,4716.952488927499,4666.0,4719.312144999999,2.488761096570338,tp,17.770714999999655,35.54142999999931
2026-01-20 08:50:00+00:00,2026-01-20 22:15:00+00:00,4748.623125,4792.0521503125,4725.71,4794.449375,3.498974336230844,tp,22.913125000000036,45.82625000000007
2026-01-20 23:50:00+00:00,2026-01-22 17:45:00+00:00,4815.606599999999,4915.500820099997,4764.43,4917.959799999997,9.183132905206726,tp,51.17659999999887,102.35319999999774
2026-01-22 19:05:00+00:00,2026-01-24 14:00:00+00:00,4937.707619999999,5044.879158569998,4882.86,5047.402859999998,9.662975521009976,tp,54.84761999999955,109.6952399999991
2026-01-24 15:35:00+00:00,2026-01-26 06:45:00+00:00,5059.228349999999,5127.679927474998,5023.72,5130.245049999998,5.659363056877314,tp,35.508349999999155,71.01669999999831
2026-01-26 16:05:00+00:00,2026-01-26 18:45:00+00:00,5125.66155,5080.458500000001,5083.0,5210.984649999999,-5.315306067293127,sl,42.66154999999981,85.32309999999961
2026-01-27 01:15:00+00:00,2026-01-27 20:05:00+00:00,5083.530494999999,5142.618889257498,5052.7,5145.191484999998,4.723563282565041,tp,30.830494999999246,61.66098999999849
2026-01-27 21:45:00+00:00,2026-01-28 21:45:00+00:00,5207.212304999999,5422.1244965424985,5098.4,5424.836914999998,19.28843793003383,tp,108.81230499999947,217.62460999999894
2026-01-28 22:40:00+00:00,2026-01-29 15:25:00+00:00,5455.74651,5289.354,5292.0,5783.23953,-15.994772723237707,sl,163.74650999999994,327.4930199999999
2026-01-29 17:20:00+00:00,2026-01-30 02:10:00+00:00,5379.4884,5272.832265000001,5275.47,5587.5252,-10.725170592709587,sl,104.01839999999993,208.03679999999986
2026-01-30 04:20:00+00:00,2026-01-30 06:30:00+00:00,5261.2793249999995,5187.405000000001,5190.0,5403.837974999999,-7.874025582054534,sl,71.27932499999952,142.55864999999903
2026-01-30 11:25:00+00:00,2026-01-30 17:05:00+00:00,5163.590505,4977.51,4980.0,5530.771515,-18.654729305176406,sl,183.59050500000012,367.18101000000024
2026-01-31 00:25:00+00:00,2026-01-31 03:50:00+00:00,4958.5180199999995,4914.181680000001,4916.64,5042.274059999998,-5.3565821783111485,sl,41.878019999999196,83.75603999999839
2026-01-31 04:05:00+00:00,2026-01-31 14:25:00+00:00,4962.089805,4916.970285,4919.43,5047.409414999998,-5.427718931210381,sl,42.659804999999324,85.31960999999865
2026-01-31 18:55:00+00:00,2026-02-01 23:00:00+00:00,4875.246405,4797.6,4800.0,5025.739215,-8.76603455751284,sl,75.24640499999987,150.49280999999974
2026-02-02 00:20:00+00:00,2026-02-02 01:05:00+00:00,4876.3969799999995,4712.6425,4715.0,5199.190939999999,-17.3823784332652,sl,161.39697999999953,322.79395999999906
2026-02-02 02:35:00+00:00,2026-02-02 04:00:00+00:00,4776.246929999999,4636.6805,4639.0,5050.740789999998,-15.225353315399438,sl,137.24692999999934,274.4938599999987
2026-02-02 09:30:00+00:00,2026-02-03 06:15:00+00:00,4713.65565,4878.566446525,4629.98,4881.00695,16.058898355655934,tp,83.67565000000013,167.35130000000026
2026-02-03 08:20:00+00:00,2026-02-04 16:45:00+00:00,4963.82067,4878.779390000001,4881.22,5129.02201,-9.331285703259352,sl,82.60066999999981,165.20133999999962
2026-02-04 19:10:00+00:00,2026-02-05 02:45:00+00:00,4957.947735,4887.854850000001,4890.3,5093.243204999999,-7.863301468246814,sl,67.64773499999956,135.2954699999991
2026-02-05 04:30:00+00:00,2026-02-05 20:55:00+00:00,4904.741145,4807.7349300000005,4810.14,5093.943434999999,-10.602883746068956,sl,94.60114499999963,189.20228999999927
2026-02-06 01:55:00+00:00,2026-02-06 13:05:00+00:00,4767.94278,4923.9051558300025,4688.73,4926.368340000002,14.933192498242336,tp,79.21278000000075,158.4255600000015
2026-02-06 15:00:00+00:00,2026-02-09 15:45:00+00:00,4951.704615,5063.6007780775,4894.49,5066.133844999999,10.030680195373629,tp,57.21461499999987,114.42922999999973
2026-02-09 20:25:00+00:00,2026-02-09 21:05:00+00:00,5092.555005,5079.908775,5082.45,5112.765015000001,-2.186724757811323,sl,10.105005000000347,20.210010000000693
2026-02-10 02:10:00+00:00,2026-02-10 05:25:00+00:00,5052.36492,5016.300595000001,5018.81,5119.474759999999,-4.45511231475029,sl,33.55491999999958,67.10983999999917
2026-02-10 05:55:00+00:00,2026-02-10 15:35:00+00:00,5043.130305,5014.201645,5016.71,5095.970914999999,-3.77009103850912,sl,26.420304999999644,52.84060999999929
2026-02-10 19:20:00+00:00,2026-02-10 23:15:00+00:00,5025.761625,5046.5003625625,5014.13,5049.024875,1.0346527043696625,tp,11.631624999999985,23.26324999999997
2026-02-11 02:00:00+00:00,2026-02-11 10:40:00+00:00,5055.38643,5094.350840354999,5034.63,5096.8992899999985,2.7789514680742515,tp,20.756429999999455,41.51285999999891
2026-02-11 11:30:00+00:00,2026-02-11 13:30:00+00:00,5120.258849999999,5050.13367,5052.66,5255.456549999998,-7.647950316420567,sl,67.5988499999994,135.1976999999988
2026-02-11 17:10:00+00:00,2026-02-12 01:10:00+00:00,5095.0662600000005,5054.031720000001,5056.56,5172.078780000001,-4.895375703603511,sl,38.50626000000011,77.01252000000022
2026-02-12 02:05:00+00:00,2026-02-12 14:55:00+00:00,5081.91969,5051.642915,5054.17,5137.419069999999,-3.873033018982559,sl,27.749689999999646,55.49937999999929
2026-02-12 19:50:00+00:00,2026-02-12 23:00:00+00:00,4965.66159,4915.531005,4917.99,5061.00477,-5.88400706112343,sl,47.671589999999924,95.34317999999985
2026-02-13 00:10:00+00:00,2026-02-17 05:30:00+00:00,4953.305415,4898.5495,4901.0,5057.916244999999,-6.346597370780826,sl,52.30541499999981,104.61082999999962
2026-02-17 07:40:00+00:00,2026-02-17 14:00:00+00:00,4929.503519999999,4870.42357,4872.86,5042.790559999999,-6.794494644946182,sl,56.643519999999626,113.28703999999925
2026-02-17 18:55:00+00:00,2026-02-17 20:10:00+00:00,4903.71063,4857.899835,4860.33,4990.471889999999,-5.5067937912245695,sl,43.380629999999655,86.76125999999931
2026-02-17 22:10:00+00:00,2026-02-17 23:00:00+00:00,4894.976264999999,4878.99928,4881.44,4922.048794999999,-2.5548248931716024,sl,13.53626499999973,27.07252999999946
2026-02-18 02:05:00+00:00,2026-02-18 14:35:00+00:00,4902.770159999999,4980.718874759998,4862.55,4983.210479999997,6.740433081715146,tp,40.22015999999894,80.44031999999788
2026-02-19 03:35:00+00:00,2026-02-19 06:30:00+00:00,4985.8216649999995,5008.359562502498,4973.3,5010.864994999998,1.2223480653378611,tp,12.521664999999302,25.043329999998605
2026-02-19 13:40:00+00:00,2026-02-19 14:10:00+00:00,5005.891695,4982.657425,4985.15,5047.3750850000015,-3.224891208870506,sl,20.741695000000618,41.483390000001236
2026-02-19 14:55:00+00:00,2026-02-20 10:55:00+00:00,5016.1068000000005,5081.578339800001,4982.1,5084.120400000001,5.362334217455777,tp,34.00680000000011,68.01360000000022
2026-02-20 14:35:00+00:00,2026-02-20 15:05:00+00:00,5064.71109,5032.292595000001,5034.81,5124.513269999999,-4.079887097187295,sl,29.901089999999385,59.80217999999877
2026-02-20 17:10:00+00:00,2026-02-23 20:25:00+00:00,5085.80163,5240.5832875549995,5007.1,5243.204889999999,13.798986958360135,tp,78.70162999999957,157.40325999999914
2026-02-24 02:35:00+00:00,2026-02-24 13:35:00+00:00,5207.012205,5156.4205,5159.0,5303.036615,-5.69523020549564,sl,48.012204999999994,96.02440999999999
2026-02-24 15:20:00+00:00,2026-02-27 13:25:00+00:00,5163.34038,5254.1927294299985,5116.6,5256.821139999998,7.574406451311357,tp,46.74037999999928,93.48075999999855
2026-02-27 15:15:00+00:00,2026-02-28 05:40:00+00:00,5259.6285,5313.607367249999,5231.31,5316.265499999999,4.015729370116825,tp,28.318499999999403,56.63699999999881
2026-02-28 08:00:00+00:00,2026-02-28 09:25:00+00:00,5375.196255,5484.225280617499,5319.31,5486.968764999999,8.890686755915848,tp,55.88625499999944,111.77250999999887
2026-02-28 16:40:00+00:00,2026-02-28 20:20:00+00:00,5440.608945,5377.909700000001,5380.6,5560.626834999999,-6.58405994479652,sl,60.008944999999585,120.01788999999917
2026-03-01 00:45:00+00:00,2026-03-01 01:55:00+00:00,5392.504905,5361.318,5364.0,5449.514714999999,-3.7870486922122826,sl,28.50490499999978,57.00980999999956
2026-03-01 04:40:00+00:00,2026-03-02 16:00:00+00:00,5353.165244999999,5283.606875,5286.25,5486.995734999998,-7.291618947534467,sl,66.91524499999923,133.83048999999846
2026-03-02 17:35:00+00:00,2026-03-03 09:25:00+00:00,5344.020675,5272.5823900000005,5275.22,5481.622024999999,-7.467882105251504,sl,68.8006749999995,137.601349999999
2026-03-03 18:55:00+00:00,2026-03-05 15:05:00+00:00,5154.53598,5081.018220000001,5083.56,5296.487939999998,-7.896597540215865,sl,70.97597999999925,141.9519599999985
2026-03-05 20:20:00+00:00,2026-03-06 15:25:00+00:00,5108.422935,5178.018500597499,5072.33,5180.608804999999,5.637794848137529,tp,36.09293499999967,72.18586999999934
2026-03-06 17:35:00+00:00,2026-03-08 22:05:00+00:00,5164.250835,5136.760335,5139.33,5214.092505,-3.555605505541627,sl,24.920834999999897,49.841669999999795
2026-03-09 01:15:00+00:00,2026-03-10 01:50:00+00:00,5084.791125,5168.9076283125005,5041.44,5171.493375,7.05537953097649,tp,43.35112500000014,86.70225000000028
2026-03-10 05:05:00+00:00,2026-03-10 13:15:00+00:00,5174.636025,5206.943300962499,5157.18,5209.548074999999,2.0594754353577582,tp,17.4560249999995,34.912049999999
2026-03-10 15:10:00+00:00,2026-03-10 18:15:00+00:00,5221.6095,5190.66337,5193.26,5278.308499999998,-3.850653063059923,sl,28.349499999999352,56.698999999998705
2026-03-11 00:20:00+00:00,2026-03-11 07:35:00+00:00,5204.751074999999,5186.275565,5188.87,5236.513224999998,-2.6952416608939176,sl,15.881074999999328,31.762149999998655
2026-03-11 12:20:00+00:00,2026-03-11 12:35:00+00:00,5199.6385199999995,5175.930740000001,5178.52,5241.875559999998,-3.1845762748766764,sl,21.11851999999908,42.23703999999816
2026-03-11 14:05:00+00:00,2026-03-11 17:35:00+00:00,5186.55198,5161.31805,5163.9,5231.855940000001,-3.3318800681215937,sl,22.65198000000055,45.3039600000011
2026-03-11 19:35:00+00:00,2026-03-11 22:05:00+00:00,5180.84913,5167.824795,5170.41,5201.727389999999,-2.190306353235148,sl,10.43912999999975,20.8782599999995
2026-03-12 01:45:00+00:00,2026-03-12 15:10:00+00:00,5168.8631399999995,5126.21561,5128.78,5249.029419999999,-4.971683945059156,sl,40.08313999999973,80.16627999999946
2026-03-12 16:45:00+00:00,2026-03-12 17:10:00+00:00,5142.7500900000005,5124.036700000001,5126.6,5175.050270000001,-2.7338604731286846,sl,16.15009000000009,32.30018000000018
2026-03-12 21:40:00+00:00,2026-03-13 08:20:00+00:00,5107.202324999999,5066.575445,5069.11,5183.3869749999985,-4.824303540644088,sl,38.09232499999962,76.18464999999924
2026-03-13 09:10:00+00:00,2026-03-13 14:50:00+00:00,5096.16681,5064.076695,5066.61,5155.28043,-4.019009835152547,sl,29.55681000000004,59.11362000000008
2026-03-13 17:15:00+00:00,2026-03-13 19:45:00+00:00,5061.9096899999995,5022.447520000001,5024.96,5135.809069999998,-4.742977526464717,sl,36.949689999999464,73.89937999999893
2026-03-13 22:50:00+00:00,2026-03-15 09:25:00+00:00,5030.103795,5009.703895000001,5012.21,5065.891385,-2.930914656688795,sl,17.893794999999955,35.78758999999991
2026-03-15 14:25:00+00:00,2026-03-15 14:55:00+00:00,5013.205349999999,5004.886305000001,5007.39,5024.836049999997,-1.7710231664059424,sl,5.8153499999989435,11.630699999997887
2026-03-15 21:40:00+00:00,2026-03-15 23:20:00+00:00,5001.489495,4984.776365000001,4987.27,5029.928484999999,-2.5842281560573905,sl,14.21949499999937,28.43898999999874
2026-03-16 03:45:00+00:00,2026-03-16 07:35:00+00:00,5012.795145,4987.734885,4990.23,5057.925435000001,-3.3849681485227157,sl,22.565145000000484,45.13029000000097
2026-03-16 10:50:00+00:00,2026-03-18 10:35:00+00:00,4988.4929999999995,4960.33859,4962.82,5039.838999999999,-3.695332296900429,sl,25.672999999999774,51.34599999999955
2026-03-18 16:30:00+00:00,2026-03-18 18:55:00+00:00,4876.286925,4850.5735,4853.0,4922.860775000001,-3.514819326823698,sl,23.286925000000338,46.573850000000675
2026-03-18 23:05:00+00:00,2026-03-19 06:30:00+00:00,4827.9127499999995,4797.6,4800.0,4883.7382499999985,-3.9991431953483367,sl,27.912749999999505,55.82549999999901
2026-03-19 17:55:00+00:00,2026-03-20 14:15:00+00:00,4635.49659,4579.888910000001,4582.18,4742.129769999999,-6.757574275369258,sl,53.31658999999945,106.6331799999989
2026-03-21 00:25:00+00:00,2026-03-21 04:45:00+00:00,4520.51913,4504.7465,4507.0,4547.557389999999,-2.648989756434235,sl,13.519129999999677,27.038259999999354
2026-03-21 06:20:00+00:00,2026-03-21 07:45:00+00:00,4516.747245,4504.036855,4506.29,4537.661734999999,-2.322694171334767,sl,10.457244999999602,20.914489999999205
2026-03-21 10:15:00+00:00,2026-03-21 23:50:00+00:00,4511.684715,4502.52761,4504.78,4525.4941450000015,-1.9439174111289892,sl,6.904715000000579,13.809430000001157
2026-03-22 06:05:00+00:00,2026-03-22 08:25:00+00:00,4511.064405,4502.84745,4505.1,4522.9932149999995,-1.843192826522114,sl,5.964404999999715,11.92880999999943
2026-03-22 15:50:00+00:00,2026-03-22 22:00:00+00:00,4480.57917,4467.635065,4469.87,4501.99751,-2.3573134709579286,sl,10.709170000000086,21.41834000000017
2026-03-22 22:10:00+00:00,2026-03-22 23:35:00+00:00,4516.086915,4485.756,4488.0,4572.260745,-4.200932626667196,sl,28.086914999999863,56.173829999999725
2026-03-23 09:20:00+00:00,2026-03-31 16:40:00+00:00,4307.352599999999,4637.617831099998,4141.06,4639.937799999997,35.96599917070151,tp,166.29259999999886,332.5851999999977
2026-03-31 18:40:00+00:00,2026-04-02 05:45:00+00:00,4667.57262,4602.527585,4604.83,4793.05786,-7.704908682938039,sl,62.74261999999999,125.48523999999998
2026-04-02 10:10:00+00:00,2026-04-02 10:20:00+00:00,4627.95282,4605.696,4608.0,4667.858460000001,-3.290225321002809,sl,19.95282000000043,39.90564000000086
2026-04-02 13:50:00+00:00,2026-04-07 22:30:00+00:00,4627.95282,4734.210170770001,4573.64,4736.578460000001,10.120476056637418,tp,54.3128200000001,108.6256400000002
2026-04-08 00:00:00+00:00,2026-04-08 18:35:00+00:00,4812.154875,4698.479585,4700.83,5034.804625000001,-12.386926163122308,sl,111.32487500000025,222.6497500000005
2026-04-09 01:15:00+00:00,2026-04-09 13:35:00+00:00,4708.803225,4756.030470162499,4684.0,4758.409674999999,3.875564834403536,tp,24.803224999999657,49.60644999999931
2026-04-09 15:20:00+00:00,2026-04-10 00:05:00+00:00,4773.635625,4735.2312,4737.6,4845.706874999999,-4.8525126857946494,sl,36.03562499999953,72.07124999999905
2026-04-10 01:35:00+00:00,2026-04-10 02:10:00+00:00,4756.567094999999,4735.05129,4737.42,4794.861284999998,-3.150024858843695,sl,19.147094999999354,38.29418999999871
2026-04-10 04:20:00+00:00,2026-04-10 08:45:00+00:00,4755.366494999999,4721.747945,4724.11,4817.879484999999,-4.377739730911098,sl,31.25649499999963,62.51298999999926
2026-04-10 09:20:00+00:00,2026-04-12 02:00:00+00:00,4745.271449999999,4713.88188,4716.24,4803.334349999998,-4.156434513210677,sl,29.031449999999495,58.06289999999899
2026-04-12 17:25:00+00:00,2026-04-12 20:00:00+00:00,4696.096875,4687.97484,4690.32,4707.650625000001,-1.7991570404710016,sl,5.776875000000473,11.553750000000946
2026-04-13 01:55:00+00:00,2026-04-15 01:15:00+00:00,4704.5511,4849.027573349998,4631.1,4851.453299999998,13.838947211636135,tp,73.45109999999931,146.90219999999863
2026-04-15 11:25:00+00:00,2026-04-15 15:30:00+00:00,4801.0993499999995,4780.748430000001,4783.14,4837.018049999998,-3.012756912747526,sl,17.959349999999176,35.91869999999835
2026-04-15 22:40:00+00:00,2026-04-16 13:55:00+00:00,4795.386495,4777.0502799999995,4779.44,4827.279485,-2.8114977885434014,sl,15.94649500000014,31.89299000000028
2026-04-16 19:05:00+00:00,2026-04-16 21:10:00+00:00,4784.270939999999,4766.825395000001,4769.21,4814.392819999998,-2.7251479146418913,sl,15.060939999999391,30.121879999998782
2026-04-16 22:15:00+00:00,2026-04-17 13:10:00+00:00,4783.0903499999995,4852.443614474999,4747.2,4854.871049999999,6.027930973492695,tp,35.89034999999967,71.78069999999934
2026-04-18 01:15:00+00:00,2026-04-18 03:40:00+00:00,4832.264925,4812.702445,4815.11,4866.574775000002,-2.920030950517492,sl,17.15492500000073,34.30985000000146
2026-04-18 14:10:00+00:00,2026-04-18 18:35:00+00:00,4794.556079999999,4782.917345000001,4785.31,4813.048239999997,-2.137138604271777,sl,9.246079999998983,18.492159999997966
2026-04-19 03:55:00+00:00,2026-04-19 20:20:00+00:00,4782.780195,4765.955830000001,4768.34,4811.6605850000005,-2.6625513687356865,sl,14.44019500000013,28.88039000000026
2026-04-20 01:15:00+00:00,2026-04-21 14:45:00+00:00,4780.378994999999,4724.37663,4726.74,4887.656984999998,-6.614905507801977,sl,53.63899499999934,107.27798999999868
2026-04-21 20:55:00+00:00,2026-04-24 04:20:00+00:00,4710.57411,4654.381645,4656.71,4818.302329999999,-6.713481796034774,sl,53.86410999999953,107.72821999999906
2026-04-24 05:35:00+00:00,2026-04-28 05:05:00+00:00,4677.65766,4649.17425,4651.5,4729.97298,-3.896534347347067,sl,26.15765999999985,52.3153199999997
2026-04-28 15:50:00+00:00,2026-04-29 08:35:00+00:00,4580.939324999999,4553.3721749999995,4555.65,4631.517974999999,-3.8605639182258784,sl,25.289324999999735,50.57864999999947
2026-04-29 15:40:00+00:00,2026-04-30 10:20:00+00:00,4547.822775,4624.874730837499,4508.14,4627.188324999998,7.189215069022513,tp,39.68277499999931,79.36554999999862
2026-04-30 13:00:00+00:00,2026-04-30 13:35:00+00:00,4633.675679999999,4617.270210000001,4619.58,4661.867039999998,-2.6689611917730183,sl,14.095679999999447,28.191359999998895
2026-04-30 15:30:00+00:00,2026-04-30 16:00:00+00:00,4618.157925,4601.308195,4603.61,4647.253775000002,-2.7202606210062745,sl,14.54792500000076,29.09585000000152
2026-04-30 18:05:00+00:00,2026-05-01 05:55:00+00:00,4617.127409999999,4595.930885,4598.23,4654.922229999998,-3.172982449777738,sl,18.89740999999958,37.79481999999916
2026-05-01 09:40:00+00:00,2026-05-01 09:50:00+00:00,4571.604659999999,4559.49911,4561.78,4591.253979999998,-2.237192927222646,sl,9.824659999999312,19.649319999998625
2026-05-01 11:40:00+00:00,2026-05-01 13:50:00+00:00,4576.136925,4603.567839612499,4561.27,4605.8707749999985,1.9203384673895862,tp,14.866924999999355,29.73384999999871
2026-05-01 21:45:00+00:00,2026-05-02 00:40:00+00:00,4609.913804999999,4598.8994,4601.2,4627.341414999998,-2.112657976250302,sl,8.713804999999411,17.427609999998822
2026-05-02 07:10:00+00:00,2026-05-02 17:30:00+00:00,4605.891795,4598.569565,4600.87,4615.935384999999,-1.7276216819431713,sl,5.021794999999656,10.043589999999313
2026-05-03 03:10:00+00:00,2026-05-03 11:15:00+00:00,4600.699199999999,4608.212341199997,4595.79,4610.517599999997,-0.17743599780715158,tp,4.909199999999146,9.818399999998292
2026-05-03 11:25:00+00:00,2026-05-03 20:35:00+00:00,4611.9048,4620.582952800001,4606.41,4622.894400000001,-0.057860537367987686,tp,5.494800000000396,10.989600000000792
2026-05-03 20:55:00+00:00,2026-05-03 22:00:00+00:00,4624.27098,4610.903395,4613.21,4646.392940000001,-2.3529143009992954,sl,11.0609800000002,22.1219600000004
2026-05-04 03:55:00+00:00,2026-05-04 06:05:00+00:00,4609.693695,4584.7065,4587.0,4655.081085,-3.568634175592489,sl,22.693694999999934,45.38738999999987
2026-05-04 12:20:00+00:00,2026-05-04 15:10:00+00:00,4571.36454,4546.5156050000005,4548.79,4616.513619999999,-3.574618483170184,sl,22.574539999999615,45.14907999999923
2026-05-05 00:15:00+00:00,2026-05-05 00:25:00+00:00,4527.02238,4511.28323,4513.54,4553.987140000001,-2.6321062198831164,sl,13.482380000000376,26.96476000000075
2026-05-05 00:55:00+00:00,2026-05-05 12:20:00+00:00,4528.7132249999995,4560.558255162499,4511.65,4562.839674999999,2.4157777630083306,tp,17.063224999999875,34.12644999999975
2026-05-05 13:10:00+00:00,2026-05-05 16:25:00+00:00,4571.744729999999,4546.5955650000005,4548.87,4617.4941899999985,-3.6045420279569123,sl,22.874729999999545,45.74945999999909
2026-05-05 18:15:00+00:00,2026-05-05 19:55:00+00:00,4558.0979099999995,4543.96688,4546.24,4581.813729999999,-2.4502488801596827,sl,11.85790999999972,23.71581999999944
2026-05-05 21:45:00+00:00,2026-05-05 21:55:00+00:00,4555.986855,4542.517605,4544.79,4578.380565,-2.3805755793534007,sl,11.196855000000141,22.393710000000283
2026-05-05 23:00:00+00:00,2026-05-06 00:55:00+00:00,4566.101909999999,4606.421367134999,4544.79,4608.725729999998,3.2774661376533167,tp,21.311909999999443,42.62381999999889
2026-05-06 04:30:00+00:00,2026-05-06 10:40:00+00:00,4644.84126,4700.81219811,4615.68,4703.16378,4.824665750041822,tp,29.161259999999857,58.32251999999971
2026-05-06 13:35:00+00:00,2026-05-07 14:25:00+00:00,4689.8837699999995,4747.436404344999,4659.92,4749.811309999998,4.933507318731106,tp,29.963769999999386,59.92753999999877
2026-05-07 14:50:00+00:00,2026-05-07 15:25:00+00:00,4752.495059999999,4728.564535,4730.93,4795.625179999997,-3.382459865888957,sl,21.565059999998994,43.13011999999799
2026-05-07 18:35:00+00:00,2026-05-07 20:55:00+00:00,4710.143895,4679.469095,4681.81,4766.811685,-4.090997119378493,sl,28.333894999999757,56.66778999999951
2026-05-07 23:35:00+00:00,2026-05-08 13:30:00+00:00,4693.675665,4727.981821502499,4675.34,4730.346994999999,2.5487993386223664,tp,18.335664999999608,36.671329999999216
2026-05-08 17:30:00+00:00,2026-05-09 09:30:00+00:00,4714.766205,4701.76794,4704.12,4736.058615,-2.2861757822868234,sl,10.646205000000009,21.292410000000018
2026-05-09 17:40:00+00:00,2026-05-10 13:10:00+00:00,4709.103375,4719.029429937499,4702.96,4721.390124999999,0.05083407077321633,tp,6.143374999999651,12.286749999999302
2026-05-10 15:30:00+00:00,2026-05-10 19:05:00+00:00,4724.411025,4714.771435000001,4717.13,4738.973075000001,-1.9414970395278761,sl,7.281025000000227,14.562050000000454
2026-05-11 01:25:00+00:00,2026-05-11 04:30:00+00:00,4701.279465,4664.10678,4666.44,4770.958395,-4.7581550507549135,sl,34.83946500000002,69.67893000000004
2026-05-11 06:55:00+00:00,2026-05-11 22:45:00+00:00,4677.7176899999995,4740.201783464999,4645.29,4742.573069999999,5.450232629063677,tp,32.42768999999953,64.85537999999906
2026-05-11 23:35:00+00:00,2026-05-12 01:35:00+00:00,4747.89276,4715.810915,4718.17,4807.338279999999,-4.206308680257319,sl,29.722759999999653,59.445519999999306
2026-05-12 10:10:00+00:00,2026-05-12 10:30:00+00:00,4702.870260000001,4686.31567,4688.66,4731.290780000002,-2.650682294140579,sl,14.210260000000744,28.42052000000149
2026-05-12 17:05:00+00:00,2026-05-12 19:25:00+00:00,4675.5466049999995,4698.9091850925,4662.69,4701.259814999999,1.4371257637516184,tp,12.856604999999945,25.71320999999989
2026-05-12 23:10:00+00:00,2026-05-13 01:00:00+00:00,4716.73719,4702.747450000001,4705.1,4740.011569999999,-2.3843938533943634,sl,11.637189999999464,23.274379999998928
2026-05-13 05:05:00+00:00,2026-05-13 05:30:00+00:00,4704.6311399999995,4687.8349100000005,4690.18,4733.533419999998,-2.6737029519345974,sl,14.451139999999214,28.902279999998427
2026-05-13 06:05:00+00:00,2026-05-13 09:10:00+00:00,4706.341995,4687.655000000001,4690.0,4739.025984999999,-2.865054769858955,sl,16.34199499999977,32.68398999999954
2026-05-13 10:10:00+00:00,2026-05-13 12:20:00+00:00,4706.181915,4679.878890000001,4682.22,4754.105745,-3.6403328563279356,sl,23.961914999999863,47.923829999999725
2026-05-13 15:35:00+00:00,2026-05-14 04:00:00+00:00,4692.344999999999,4663.74696,4666.08,4744.874999999998,-3.8813142476787337,sl,26.264999999999418,52.529999999998836
2026-05-14 04:30:00+00:00,2026-05-14 13:40:00+00:00,4696.357005,4660.5285699999995,4662.86,4763.351015,-4.614984723590943,sl,33.49700500000017,66.99401000000034
2026-05-14 22:45:00+00:00,2026-05-14 23:35:00+00:00,4661.179425,4643.29719,4645.62,4692.298275000001,-2.7963136824753825,sl,15.559425000000374,31.118850000000748
2026-05-15 07:15:00+00:00,2026-05-15 08:00:00+00:00,4588.33302,4563.667025,4565.95,4633.0990600000005,-3.5325741083886495,sl,22.383020000000215,44.76604000000043
2026-05-15 10:55:00+00:00,2026-05-15 13:35:00+00:00,4573.715715,4533.732,4536.0,4649.147145000001,-5.142477873129412,sl,37.71571500000027,75.43143000000055
2026-05-15 14:20:00+00:00,2026-05-16 11:05:00+00:00,4564.44108,4515.96089,4518.22,4656.883239999998,-6.038690800114759,sl,46.22107999999935,92.4421599999987
2026-05-16 15:05:00+00:00,2026-05-17 06:05:00+00:00,4535.776755,4524.366685,4526.63,4554.070264999999,-2.159742245488215,sl,9.146754999999757,18.293509999999515
2026-05-17 10:35:00+00:00,2026-05-18 00:05:00+00:00,4538.8082699999995,4523.737,4526.0,4564.424809999999,-2.5440014772701334,sl,12.808269999999538,25.616539999999077
2026-05-18 03:45:00+00:00,2026-05-19 13:30:00+00:00,4544.821275,4477.779990000001,4480.02,4674.423825,-8.005333638455538,sl,64.8012749999998,129.6025499999996
2026-05-19 21:35:00+00:00,2026-05-19 22:15:00+00:00,4494.68622,4483.906925,4486.15,4511.7586599999995,-2.1008512389887453,sl,8.536219999999958,17.072439999999915
2026-05-19 23:50:00+00:00,2026-05-20 01:25:00+00:00,4500.1189349999995,4479.788985,4482.03,4536.296804999999,-3.112063239173731,sl,18.088934999999765,36.17786999999953
2026-05-20 05:05:00+00:00,2026-05-20 14:30:00+00:00,4478.11794,4512.096643090001,4460.0,4514.35382,2.6653957362357263,tp,18.11794000000009,36.23588000000018
2026-05-20 18:35:00+00:00,2026-05-21 01:40:00+00:00,4540.258994999999,4561.315186507498,4528.59,4563.596984999997,1.2580370855663965,tp,11.668994999999086,23.33798999999817
2026-05-21 09:15:00+00:00,2026-05-21 10:25:00+00:00,4535.676705,4520.81846,4523.08,4560.870115,-2.51952771317179,sl,12.596704999999929,25.193409999999858
2026-05-21 13:55:00+00:00,2026-05-21 14:15:00+00:00,4518.788264999999,4499.5491,4501.8,4552.764794999997,-2.987396286962994,sl,16.988264999999046,33.97652999999809
2026-05-21 16:05:00+00:00,2026-05-22 14:10:00+00:00,4516.0569,4494.7515,4497.0,4554.170699999999,-3.205979377781184,sl,19.056899999999587,38.11379999999917
2026-05-22 16:30:00+00:00,2026-05-26 18:00:00+00:00,4522.249994999999,4485.756,4488.0,4590.749984999998,-4.803694495512522,sl,34.24999499999922,68.49998999999843
2026-05-26 23:00:00+00:00,2026-05-27 02:15:00+00:00,4513.755749999999,4503.42716,4505.68,4529.9072499999975,-2.0451677571938,sl,8.075749999999061,16.151499999998123
2026-05-27 12:25:00+00:00,2026-05-27 13:05:00+00:00,4458.978375,4429.034375,4431.25,4514.435124999999,-4.1547257679679594,sl,27.728374999999687,55.456749999999374
2026-05-27 16:20:00+00:00,2026-05-28 01:15:00+00:00,4450.6442099999995,4435.20129,4437.42,4477.092629999998,-2.6067289432073917,sl,13.224209999999402,26.448419999998805
2026-05-28 05:35:00+00:00,2026-05-28 13:00:00+00:00,4396.176989999999,4434.512604514998,4375.9,4436.730969999998,3.1996266688061463,tp,20.276989999999387,40.553979999998774
2026-05-28 14:15:00+00:00,2026-05-29 14:50:00+00:00,4465.15146,4555.15566281,4419.01,4557.43438,8.649443104103458,tp,46.141459999999825,92.28291999999965
2026-05-29 23:50:00+00:00,2026-05-30 04:10:00+00:00,4537.48761,4527.445145000001,4529.71,4553.04283,-2.010043367858322,sl,7.777610000000095,15.55522000000019
2026-05-30 09:35:00+00:00,2026-05-30 13:35:00+00:00,4536.6271799999995,4525.586075,4527.85,4554.181539999998,-2.1147670866611756,sl,8.777179999999134,17.55435999999827
2026-05-31 01:20:00+00:00,2026-05-31 02:20:00+00:00,4529.353545,4520.268735,4522.53,4543.000635,-1.910290393372884,sl,6.823545000000195,13.64709000000039
2026-05-31 05:20:00+00:00,2026-05-31 22:00:00+00:00,4527.332535,4518.43965,4520.7,4540.597604999999,-1.8901324383155558,sl,6.632534999999734,13.265069999999469
2026-05-31 23:05:00+00:00,2026-06-01 02:50:00+00:00,4536.6271799999995,4512.462640000001,4514.72,4580.441539999998,-3.4917400291024143,sl,21.907179999999244,43.81435999999849
2026-06-01 05:20:00+00:00,2026-06-01 06:20:00+00:00,4515.8568000000005,4502.237755,4504.49,4538.590400000002,-2.38990715938022,sl,11.366800000000694,22.73360000000139
2026-06-01 09:20:00+00:00,2026-06-01 13:10:00+00:00,4503.75075,4485.266245000001,4487.51,4536.23225,-2.907573946588702,sl,16.240749999999935,32.48149999999987
2026-06-01 15:15:00+00:00,2026-06-02 04:45:00+00:00,4468.31304,4506.02498044,4448.33,4508.27912,3.0645395889170866,tp,19.983040000000074,39.96608000000015
2026-06-02 07:15:00+00:00,2026-06-02 12:50:00+00:00,4536.016874999999,4508.90442,4511.16,4585.730624999998,-3.7994451281592543,sl,24.85687499999949,49.71374999999898
2026-06-02 20:20:00+00:00,2026-06-02 23:10:00+00:00,4490.634195,4475.171295,4477.41,4517.082584999999,-2.5918960369420487,sl,13.224194999999781,26.448389999999563
2026-06-03 00:45:00+00:00,2026-06-03 05:30:00+00:00,4493.435594999999,4454.301735,4456.53,4567.2467849999975,-5.0969107188839935,sl,36.905594999999266,73.81118999999853
2026-06-03 10:10:00+00:00,2026-06-03 13:40:00+00:00,4460.40909,4435.231275,4437.45,4506.327270000001,-3.6367690881173345,sl,22.959090000000288,45.918180000000575
2026-06-03 17:05:00+00:00,2026-06-03 20:40:00+00:00,4442.710244999999,4428.854465,4431.07,4465.9907349999985,-2.4344958536317027,sl,11.640244999999595,23.28048999999919
2026-06-03 23:00:00+00:00,2026-06-04 11:45:00+00:00,4445.971875,4491.6686671875,4422.0,4493.915625000001,3.933652569253053,tp,23.971875000000182,47.943750000000364
2026-06-04 13:40:00+00:00,2026-06-04 14:05:00+00:00,4506.141945,4483.05735,4485.3,4547.825835000001,-3.3878346178465195,sl,20.841945000000123,41.68389000000025
2026-06-04 19:05:00+00:00,2026-06-04 21:35:00+00:00,4479.428594999999,4465.376195,4467.61,4503.065784999999,-2.4427249935524586,sl,11.818594999999732,23.637189999999464
2026-06-04 22:20:00+00:00,2026-06-04 22:50:00+00:00,4472.55516,4461.777995,4464.01,4489.645479999999,-2.0964020365890756,sl,8.545159999999669,17.090319999999338
2026-06-05 06:50:00+00:00,2026-06-05 12:50:00+00:00,4449.113445,4420.598595,4422.81,4501.720334999999,-3.996076100916131,sl,26.303444999999556,52.60688999999911
2026-06-05 20:30:00+00:00,2026-06-06 04:05:00+00:00,4324.291064999999,4309.28428,4311.44,4349.993194999999,-2.5987925068276967,sl,12.851064999999835,25.70212999999967
2026-06-06 23:40:00+00:00,2026-06-07 08:25:00+00:00,4298.458155,4313.196787767501,4290.01,4315.354465,0.6774033021548018,tp,8.448155000000042,16.896310000000085
2026-06-07 16:15:00+00:00,2026-06-08 00:25:00+00:00,4311.37461,4343.451018085,4294.25,4345.6238299999995,2.581933958920465,tp,17.124609999999848,34.249219999999696
2026-06-08 07:25:00+00:00,2026-06-08 08:00:00+00:00,4309.603725,4286.3257650000005,4288.47,4351.871174999999,-3.516092801734242,sl,21.133724999999686,42.26744999999937
2026-06-08 09:45:00+00:00,2026-06-08 10:00:00+00:00,4290.644249999999,4278.83951,4280.98,4309.972749999999,-2.256630930107966,sl,9.66424999999981,19.32849999999962
2026-06-08 10:15:00+00:00,2026-06-08 13:35:00+00:00,4290.78432,4333.96489352,4268.11,4336.13296,3.826338781637578,tp,22.67432000000008,45.34864000000016
2026-06-08 15:45:00+00:00,2026-06-08 23:30:00+00:00,4333.645739999999,4308.064890000001,4310.22,4380.497219999997,-3.753468596339809,sl,23.42573999999877,46.85147999999754
2026-06-09 01:10:00+00:00,2026-06-09 13:45:00+00:00,4319.708775,4342.9337718375,4307.01,4345.106325,1.6016930898097943,tp,12.698774999999841,25.397549999999683
2026-06-09 18:20:00+00:00,2026-06-09 19:15:00+00:00,4266.77232,4251.03342,4253.16,4293.99696,-2.7015171299796346,sl,13.612320000000182,27.224640000000363
2026-06-10 05:40:00+00:00,2026-06-10 08:00:00+00:00,4195.526715,4170.19386,4172.28,4242.020145,-3.8157240701338666,sl,23.246715000000222,46.493430000000444
2026-06-10 13:45:00+00:00,2026-06-10 14:55:00+00:00,4179.828869999999,4130.953490000001,4133.02,4273.446609999997,-6.496955797847539,sl,46.80886999999893,93.61773999999787
2026-06-11 00:20:00+00:00,2026-06-11 17:40:00+00:00,4072.6152899999997,4162.803427065,4026.48,4164.885869999999,9.549271601074542,tp,46.13528999999971,92.27057999999943
2026-06-11 19:05:00+00:00,2026-06-14 21:40:00+00:00,4174.516215,4259.917620677499,4130.75,4262.048644999999,8.758208107240346,tp,43.76621499999965,87.5324299999993
2026-06-15 01:35:00+00:00,2026-06-17 17:30:00+00:00,4309.47366,4361.43916951,4282.4,4363.62098,4.776685604522983,tp,27.073660000000018,54.147320000000036
2026-06-17 23:10:00+00:00,2026-06-18 01:00:00+00:00,4270.264065,4308.6168089025,4250.01,4310.7721950000005,3.316772956389543,tp,20.254065000000082,40.508130000000165
2026-06-18 02:15:00+00:00,2026-06-18 08:55:00+00:00,4323.2105249999995,4262.0679,4264.2,4441.231574999999,-7.675150293540948,sl,59.01052499999969,118.02104999999938
2026-06-18 12:15:00+00:00,2026-06-18 14:00:00+00:00,4252.094985,4233.692095,4235.81,4284.664954999998,-3.006787748201728,sl,16.284984999999324,32.56996999999865
2026-06-18 17:55:00+00:00,2026-06-18 19:00:00+00:00,4230.2140500000005,4209.8740099999995,4211.98,4266.682150000002,-3.2339204669837374,sl,18.234050000000934,36.46810000000187
2026-06-18 21:50:00+00:00,2026-06-18 22:00:00+00:00,4218.558225,4203.347275,4205.45,4244.774675,-2.6619711695795454,sl,13.108224999999948,26.216449999999895
2026-06-19 07:00:00+00:00,2026-06-22 01:00:00+00:00,4149.95394,4207.676929090001,4120.04,4209.781820000001,5.650781914269513,tp,29.913940000000366,59.82788000000073
2026-06-22 06:25:00+00:00,2026-06-22 15:45:00+00:00,4198.448175,4164.886515,4166.97,4261.404525000001,-4.746483530872678,sl,31.478175000000192,62.956350000000384
2026-06-22 19:05:00+00:00,2026-06-23 01:15:00+00:00,4189.9439250000005,4170.923495,4173.01,4223.811775000001,-3.1046788056309453,sl,16.933925000000272,33.867850000000544
2026-06-23 10:05:00+00:00,2026-06-23 23:35:00+00:00,4130.72433,4088.364795,4090.41,4211.35299,-5.815268004317046,sl,40.314330000000155,80.62866000000031
2026-06-24 05:10:00+00:00,2026-06-24 11:00:00+00:00,4072.0149899999997,4052.6426650000003,4054.67,4106.704969999999,-3.205078275527419,sl,17.344989999999598,34.689979999999196
2026-06-24 16:40:00+00:00,2026-06-24 17:20:00+00:00,4019.598795,3993.1924050000002,3995.19,4068.4163849999995,-4.062881343617796,sl,24.408794999999827,48.817589999999655
2026-06-24 20:05:00+00:00,2026-06-25 02:05:00+00:00,4000.6293149999997,3972.13294,3974.12,4053.6479449999993,-4.323420809390404,sl,26.509314999999788,53.018629999999575
2026-06-25 03:55:00+00:00,2026-06-26 13:45:00+00:00,4001.03952,4061.14697072,3969.97,4063.17856,6.166528108690232,tp,31.06952000000001,62.13904000000002
2026-06-26 13:55:00+00:00,2026-06-29 09:50:00+00:00,4065.2416049999997,4030.2738550000004,4032.29,4131.144815,-5.024991229871738,sl,32.951604999999745,65.90320999999994
2026-06-29 17:10:00+00:00,2026-06-29 18:45:00+00:00,4030.9144499999998,4014.73163,4016.74,4059.2633499999997,-2.8497513193988673,sl,14.174449999999979,28.348899999999958
2026-06-29 21:40:00+00:00,2026-06-29 22:25:00+00:00,4021.0495199999996,4012.11294,4014.12,4034.908559999999,-2.0002759585036127,sl,6.929519999999684,13.859039999999368
2026-06-30 04:05:00+00:00,2026-06-30 06:30:00+00:00,3973.5858,4013.4496712999994,3952.65,4015.4573999999993,3.8015004427051786,tp,20.935799999999745,41.87159999999949
2026-06-30 08:05:00+00:00,2026-06-30 08:10:00+00:00,4035.33666,4021.138425,4023.15,4059.7099799999996,-2.614440529365046,sl,12.186659999999847,24.373319999999694
2026-06-30 09:55:00+00:00,2026-06-30 12:55:00+00:00,4022.7003449999997,4008.3348300000002,4010.34,4047.421034999999,-2.6386407892144437,sl,12.360344999999597,24.720689999999195
2026-06-30 14:10:00+00:00,2026-06-30 20:25:00+00:00,4044.0209999999997,4009.924035,4011.93,4108.2029999999995,-4.938436408257721,sl,32.090999999999894,64.18199999999979
2026-06-30 23:10:00+00:00,2026-06-30 23:45:00+00:00,4017.6278099999995,4003.347325,4005.35,4042.1834299999987,-2.628652135814705,sl,12.27780999999959,24.55561999999918
2026-07-01 03:10:00+00:00,2026-07-01 06:05:00+00:00,3987.41271,3968.57472,3970.56,4021.1181300000003,-3.181229241517978,sl,16.852710000000116,33.70542000000023
2026-07-01 08:00:00+00:00,2026-07-01 11:15:00+00:00,3977.6278199999997,4017.0939082699997,3956.89,4019.1034599999994,3.744505600392057,tp,20.73781999999983,41.47563999999966
2026-07-01 13:25:00+00:00,2026-07-01 13:45:00+00:00,4044.38118,4095.4347982299996,4017.83,4097.483539999999,5.023653971316495,tp,26.55117999999993,53.10235999999941
2026-07-01 14:35:00+00:00,2026-07-13 14:15:00+00:00,4108.383164999999,4009.2243850000004,4011.23,4302.689494999998,-12.369107106600724,sl,97.15316499999926,194.30632999999852
2026-07-13 18:50:00+00:00,2026-07-14 00:05:00+00:00,4005.2716349999996,3986.395805,3988.39,4039.034904999999,-3.1734599039186877,sl,16.881634999999733,33.763269999999466
2026-07-14 00:35:00+00:00,2026-07-14 12:30:00+00:00,4004.4712349999995,4044.890248147499,3983.25,4046.9137049999986,3.8228295489761828,tp,21.221234999999524,42.44246999999905
2026-07-14 15:10:00+00:00,2026-07-14 15:40:00+00:00,4090.8243899999998,4063.3673000000003,4065.4,4141.673169999999,-4.118550046656221,sl,25.424389999999676,50.84877999999935
2026-07-14 21:40:00+00:00,2026-07-14 23:00:00+00:00,4056.5872799999997,4042.707635,4044.73,4080.301839999999,-2.5622672494168466,sl,11.857279999999719,23.714559999999437
2026-07-15 08:35:00+00:00,2026-07-15 12:30:00+00:00,4025.7118499999997,4038.715182225,4018.2,4040.7355499999994,0.5800278459216932,tp,7.511849999999868,15.023699999999735
2026-07-15 17:35:00+00:00,2026-07-16 02:35:00+00:00,4051.6348049999997,4020.2688600000006,4022.28,4110.344414999999,-4.602252080310415,sl,29.354804999999487,58.709609999998975
2026-07-16 06:10:00+00:00,2026-07-16 06:35:00+00:00,4032.665325,4018.9994950000005,4021.01,4055.9759749999994,-2.545034107443536,sl,11.65532499999972,23.31064999999944
2026-07-16 08:40:00+00:00,2026-07-16 11:25:00+00:00,4030.43421,4017.440275,4019.45,4052.40263,-2.466552426974859,sl,10.984210000000076,21.96842000000015
2026-07-16 11:55:00+00:00,2026-07-16 12:15:00+00:00,4036.3471649999997,4016.260865,4018.27,4072.501494999999,-3.2927931451909296,sl,18.077164999999695,36.15432999999939
2026-07-16 15:25:00+00:00,2026-07-16 17:40:00+00:00,4008.9934949999997,3979.50925,3981.5,4063.980484999999,-4.4134123066598745,sl,27.49349499999971,54.98698999999942
2026-07-16 21:45:00+00:00,2026-07-17 02:35:00+00:00,3986.7623849999995,3971.0334900000003,3973.02,4014.2471549999987,-2.8039827353042353,sl,13.742384999999558,27.484769999999116
2026-07-17 03:20:00+00:00,2026-07-17 12:40:00+00:00,4002.54027,3970.014,3972.0,4063.62081,-4.773852173906691,sl,30.540269999999964,61.08053999999993
2026-07-17 15:05:00+00:00,2026-07-19 23:00:00+00:00,4010.634315,3988.614695,3990.61,4050.682944999999,-3.529585857180847,sl,20.02431499999966,40.04862999999932
2026-07-20 00:20:00+00:00,2026-07-20 01:10:00+00:00,3999.51876,4014.30812186,3991.12,4016.31628,0.7985751328049332,tp,8.398760000000038,16.797520000000077
2026-07-20 02:35:00+00:00,2026-07-21 03:25:00+00:00,4010.2040999999995,4038.5919938499987,3995.0,4040.6122999999984,2.3910129100342163,tp,15.204099999999471,30.408199999998942
2026-07-21 03:50:00+00:00,2026-07-22 00:25:00+00:00,4042.550265,4088.8653396025,4018.37,4090.910795,4.4539870281611735,tp,24.180264999999963,48.360529999999926
2026-07-22 01:05:00+00:00,2026-07-23 11:40:00+00:00,4104.67131,4069.3443100000004,4071.38,4171.253929999999,-4.999803094582134,sl,33.29130999999961,66.58261999999922
2026-07-23 22:40:00+00:00,2026-07-23 23:10:00+00:00,4050.0840299999995,4044.286845,4046.31,4057.6320899999987,-1.6172924321144992,sl,3.774029999999584,7.548059999999168
2026-07-24 01:45:00+00:00,2026-07-24 02:45:00+00:00,4051.0144949999994,4035.751115,4037.77,4077.5034849999984,-2.7173964739003384,sl,13.24449499999946,26.48898999999892
2026-07-24 05:35:00+00:00,2026-07-24 05:35:00+00:00,4030.37418,4023.857065,4025.87,4039.3825399999996,-1.7039480090284087,sl,4.504179999999906,9.008359999999811
2026-07-24 06:20:00+00:00,2026-07-24 13:55:00+00:00,4033.9759799999997,4056.8984760299995,4021.5,4058.927939999999,1.7325223396409153,tp,12.475979999999709,24.951959999999417
2026-07-24 14:25:00+00:00,2026-07-27 00:10:00+00:00,4061.059515,4103.0859757275,4039.02,4105.138545,3.9298922232530957,tp,22.039514999999938,44.079029999999875
2026-07-27 05:10:00+00:00,2026-07-27 05:25:00+00:00,4090.114035,4079.4192700000003,4081.46,4107.422105,-2.1746512091561803,sl,8.654035000000022,17.30806999999959
2026-07-27 06:30:00+00:00,2026-07-27 12:15:00+00:00,4092.1850699999995,4078.149905,4080.19,4116.1752099999985,-2.5579349618761458,sl,11.995069999999487,23.990139999998974
2026-07-27 15:55:00+00:00,2026-07-28 00:05:00+00:00,4076.1570599999995,4058.6596550000004,4060.69,4107.0911799999985,-2.963477967266778,sl,15.467059999999492,30.934119999998984
2026-07-28 03:20:00+00:00,2026-07-28 04:55:00+00:00,4045.66182,4035.8110850000003,4037.83,4061.3254599999996,-2.0882090758504996,sl,7.83181999999988,15.66363999999976
2026-07-28 06:45:00+00:00,2026-07-28 09:35:00+00:00,4048.0229999999997,4029.6141850000004,4031.63,4080.808999999999,-3.0818702330361383,sl,16.392999999999574,32.78599999999915
2026-07-28 12:25:00+00:00,2026-07-28 14:20:00+00:00,4032.004995,4013.1124400000003,4015.12,4065.7749849999996,-3.145795106062496,sl,16.88499499999989,33.76998999999978
2026-07-28 15:15:00+00:00,2026-07-29 01:05:00+00:00,4033.245615,4007.1754100000003,4009.18,4081.376845,-3.980900717837125,sl,24.06561499999998,48.13122999999996
2026-07-29 02:25:00+00:00,2026-07-29 12:30:00+00:00,4032.0950399999997,4006.2258850000003,4008.23,4079.825119999999,-3.9566473186263056,sl,23.86503999999968,47.73007999999936
2026-07-29 15:05:00+00:00,2026-07-29 17:10:00+00:00,4011.554775,4039.3436428375003,3996.65,4041.364325,2.314034011355268,tp,14.904774999999972,29.809549999999945
2026-07-29 18:05:00+00:00,2026-07-30 05:35:00+00:00,4066.0019849999994,4031.90304,4033.92,4130.165954999999,-4.882016782137706,sl,32.08198499999935,64.16396999999915
2026-07-30 06:55:00+00:00,2026-07-30 08:25:00+00:00,4041.9299549999996,4060.7784600674995,4031.49,4062.8098649999993,1.2500035419864692,tp,10.439954999999827,20.879909999999654
2026-07-30 10:20:00+00:00,2026-07-30 14:00:00+00:00,4075.5367499999998,4104.137154875,4060.21,4106.19025,2.356164484867206,tp,15.32674999999972,30.653499999999894
2026-07-30 16:05:00+00:00,2026-07-31 01:45:00+00:00,4111.504725,4077.96,4080.0,4174.514174999999,-4.774403468436025,sl,31.50472499999978,63.00944999999956
2026-07-31 04:30:00+00:00,2026-07-31 06:00:00+00:00,4080.0289949999997,4068.7346150000003,4070.77,4098.546984999999,-2.240323249792106,sl,9.258994999999686,18.517989999999372
2026-07-31 06:20:00+00:00,2026-07-31 07:00:00+00:00,4085.4417,4071.093435,4073.13,4110.0651,-2.589047997545791,sl,12.311699999999746,24.623399999999947
2026-07-31 14:50:00+00:00,2026-08-03 13:35:00+00:00,4048.54326,4021.1184350000003,4023.13,4099.369779999999,-4.1195183509587165,sl,25.41325999999981,50.826519999999164
2026-08-03 14:45:00+00:00,2026-08-04 00:05:00+00:00,4039.5587699999996,4061.1247318449987,4027.76,4063.1563099999985,1.5655801662645348,tp,11.798769999999422,23.597539999998844
2026-08-04 02:40:00+00:00,2026-08-05 02:30:00+00:00,4062.6202949999997,4099.610054557499,4043.1,4101.660884999999,3.3332467964893824,tp,19.520294999999805,39.04058999999961
2026-08-05 04:10:00+00:00,2026-08-05 05:50:00+00:00,4133.725829999999,4160.8360312549985,4119.13,4162.917489999998,2.1389353188041014,tp,14.595829999999296,29.191659999998592
2026-08-05 11:00:00+00:00,2026-08-05 12:00:00+00:00,4156.51722,4181.9196541699985,4142.77,4184.011659999998,1.9296136260991867,tp,13.747219999999288,27.494439999998576
2026-08-05 14:10:00+00:00,2026-08-07 09:45:00+00:00,4222.460175,4312.3832547375005,4176.42,4314.540525,9.061589422972306,tp,46.04017500000009,92.08035000000018
2026-08-07 10:05:00+00:00,2026-08-07 12:25:00+00:00,4314.87636,4295.661095,4297.81,4349.00908,-3.0346317581017117,sl,17.066359999999804,34.13271999999961
2026-08-07 12:35:00+00:00,2026-08-07 16:45:00+00:00,4353.145485,4330.703565,4304.12,4451.196455,-3.3635935341908474,eod,49.02548500000012,98.05097000000023
