entry_time,direction,entry_price,exit_time,exit_price,sl_price,tp_price,pnl,exit_hit
2021-09-07 18:00:00+00:00,long,1797.195,2021-09-08 13:45:00+00:00,1790.71575,1790.71575,1823.079,-10.815604316726676,SL
2021-09-09 11:05:00+00:00,long,1796.547,2021-09-09 12:35:00+00:00,1793.423,1793.423,1833.908,-5.216673986263689,SL
2021-09-22 18:55:00+00:00,short,1766.938,2021-09-23 20:20:00+00:00,1741.978,1791.913,1741.978,42.378396978275475,TP
2021-09-27 04:40:00+00:00,short,1758.188,2021-09-28 06:35:00+00:00,1741.978,1775.8855,1741.978,27.659158178761377,TP
2021-10-04 06:50:00+00:00,short,1757.105,2021-10-08 12:30:00+00:00,1770.778,1770.778,1721.548,-23.3446492952897,SL
2021-10-08 19:15:00+00:00,short,1757.248,2021-10-11 01:15:00+00:00,1758.24325,1758.24325,1721.548,-1.6991056470115915,SL
2021-10-11 03:20:00+00:00,short,1758.278,2021-10-12 11:25:00+00:00,1764.29875,1764.29875,1745.77,-10.272692941616583,SL
2021-10-13 01:00:00+00:00,short,1759.685,2021-10-13 10:50:00+00:00,1772.3635,1772.3635,1745.77,-21.614948129920958,SL
2021-10-19 00:15:00+00:00,long,1765.884,2021-10-22 12:40:00+00:00,1800.458,1759.442,1800.458,58.73658745421569,TP
2021-10-24 22:35:00+00:00,long,1793.958,2021-10-25 04:55:00+00:00,1800.458,1770.2525,1800.458,10.869819694775462,TP
2021-10-27 06:30:00+00:00,long,1790.188,2021-10-29 13:45:00+00:00,1773.575,1773.575,1813.748,-27.840092772379307,SL
2021-11-04 16:50:00+00:00,short,1790.854,2021-11-05 13:25:00+00:00,1803.2730000000001,1803.2730000000001,1771.848,-20.80404097709824,SL
2021-11-22 23:00:00+00:00,long,1808.024,2021-11-23 13:05:00+00:00,1788.2625,1788.2625,1877.118,-32.78966429649138,SL
2021-12-01 00:45:00+00:00,long,1777.105,2021-12-02 08:10:00+00:00,1772.835,1772.835,1815.408,-7.208352911054747,SL
2021-12-12 23:10:00+00:00,long,1783.699,2021-12-14 14:00:00+00:00,1767.2325,1767.2325,1792.998,-27.69497544148423,SL
2021-12-22 03:25:00+00:00,long,1790.355,2021-12-28 06:40:00+00:00,1814.148,1772.52,1814.148,39.86862940589977,TP
2021-12-29 02:45:00+00:00,long,1806.248,2021-12-29 13:00:00+00:00,1792.1655,1792.1655,1814.148,-23.389645275731763,SL
2022-01-05 13:25:00+00:00,long,1821.008,2022-01-06 08:25:00+00:00,1796.5345,1796.5345,1831.624,-40.31860376231196,SL
2022-01-25 03:25:00+00:00,long,1841.664,2022-01-25 14:45:00+00:00,1847.804,1816.1945,1847.804,10.001824437031022,TP
2022-02-04 13:30:00+00:00,short,1801.0,2022-02-09 13:00:00+00:00,1830.8925,1830.8925,1780.158,-49.79317046085496,SL
2022-03-01 05:50:00+00:00,long,1907.378,2022-03-06 23:00:00+00:00,1974.398,1902.053,1974.398,105.41172227004817,TP
2022-03-11 08:35:00+00:00,long,1993.158,2022-03-15 05:55:00+00:00,1926.0430000000001,1926.0430000000001,2070.358,-101.01808286146877,SL
2022-03-25 08:15:00+00:00,long,1959.743,2022-03-25 10:45:00+00:00,1950.4705000000001,1950.4705000000001,2070.358,-14.194463253599796,SL
2022-03-29 06:45:00+00:00,long,1924.798,2022-03-29 06:50:00+00:00,1924.40175,1924.40175,1966.083,-0.6175972751426525,SL
2022-04-01 06:25:00+00:00,short,1935.648,2022-04-08 14:10:00+00:00,1947.06175,1947.06175,1889.998,-17.6898124039084,SL
2022-04-21 05:50:00+00:00,long,1953.368,2022-04-22 10:20:00+00:00,1935.8455,1935.8455,1998.268,-26.911211814670924,SL
2022-05-06 12:45:00+00:00,short,1879.328,2022-05-10 14:45:00+00:00,1850.308,1902.4555,1850.308,46.32506938650408,TP
2022-05-19 00:00:00+00:00,short,1815.018,2022-07-01 11:35:00+00:00,1786.638,1886.538,1786.638,46.90862569958002,TP
2022-07-11 05:40:00+00:00,short,1740.728,2022-07-11 19:40:00+00:00,1732.128,1818.8654999999999,1732.128,14.821385075669724,TP
2022-07-19 00:15:00+00:00,short,1705.438,2022-07-20 19:50:00+00:00,1697.438,1733.3225000000002,1697.438,14.072631195036113,TP
2022-07-26 03:10:00+00:00,short,1724.868,2022-07-27 18:35:00+00:00,1729.15,1729.15,1680.748,-7.447526419413229,SL
2022-08-15 12:20:00+00:00,long,1782.538,2022-08-17 11:15:00+00:00,1767.5905,1767.5905,1807.768,-25.156546452305626,SL
2022-09-08 12:15:00+00:00,short,1721.581,2022-09-15 04:55:00+00:00,1688.668,1746.193,1688.668,57.35367664954483,TP
2022-09-21 00:40:00+00:00,short,1663.788,2022-09-21 18:05:00+00:00,1654.048,1714.78825,1654.048,17.562333662702237,TP
2022-09-28 22:00:00+00:00,short,1658.708,2022-09-29 00:35:00+00:00,1654.048,1679.473,1654.048,8.428246562987725,TP
2022-10-03 02:55:00+00:00,short,1663.378,2022-10-03 12:30:00+00:00,1669.6385,1669.6385,1614.71,-11.291179755894499,SL
2022-10-10 17:10:00+00:00,long,1669.568,2022-10-13 13:30:00+00:00,1643.3912500000001,1643.3912500000001,1729.435,-47.03626926246764,SL
2022-10-26 12:25:00+00:00,short,1665.618,2022-11-03 11:40:00+00:00,1617.067,1701.3429999999998,1617.067,87.44682154011292,TP
2022-11-03 16:35:00+00:00,short,1624.857,2022-11-04 12:55:00+00:00,1660.2752500000001,1660.2752500000001,1617.067,-65.39329307132905,SL
2022-11-28 04:20:00+00:00,long,1751.008,2022-11-28 16:05:00+00:00,1742.6945,1742.6945,1786.367,-14.243510023940456,SL
2022-12-08 05:50:00+00:00,long,1783.708,2022-12-13 13:30:00+00:00,1809.758,1748.54225,1809.758,43.813225034590786,TP
2022-12-14 13:05:00+00:00,long,1808.175,2022-12-14 14:15:00+00:00,1809.758,1776.9395,1809.758,2.6264050769423597,TP
2022-12-16 10:15:00+00:00,long,1781.005,2022-12-16 10:20:00+00:00,1780.5895,1780.5895,1824.358,-0.6998857386701308,SL
2022-12-28 04:55:00+00:00,long,1811.648,2022-12-30 14:05:00+00:00,1824.358,1794.55975,1824.358,21.047134984279566,TP
2023-01-18 23:20:00+00:00,long,1904.965,2023-01-19 19:25:00+00:00,1928.885,1882.4825,1928.885,37.66998343801604,TP
2023-01-23 00:00:00+00:00,long,1927.845,2023-01-23 00:10:00+00:00,1928.885,1904.5925,1928.885,1.6183873703538878,TP
2023-01-30 19:35:00+00:00,long,1924.265,2023-01-31 08:10:00+00:00,1909.6425,1909.6425,1949.085,-22.7970160035133,SL
2023-02-23 08:00:00+00:00,short,1828.355,2023-02-23 13:40:00+00:00,1818.805,1840.255,1818.805,15.669823420506336,TP
2023-03-08 11:05:00+00:00,long,1815.425,2023-03-08 11:30:00+00:00,1815.29675,1815.29675,1847.405,-0.2119338446919812,SL
2023-03-22 23:35:00+00:00,long,1968.348,2023-04-04 14:05:00+00:00,2009.695,1855.86925,2009.695,63.01782001963065,TP
2023-04-10 04:35:00+00:00,long,1993.184,2023-04-12 01:25:00+00:00,2009.695,1953.0549999999998,2009.695,24.85119286528484,TP
2023-04-12 04:20:00+00:00,long,2018.258,2023-04-13 12:30:00+00:00,2031.968,1958.62325,2031.968,20.378960469870606,TP
2023-04-14 18:10:00+00:00,long,2004.775,2023-04-17 13:45:00+00:00,1994.15075,1994.15075,2031.968,-15.898417528151649,SL
2023-04-25 02:40:00+00:00,short,1994.595,2023-04-25 11:00:00+00:00,1981.545,2004.5775,1981.545,19.62804479104774,TP
2023-05-08 08:50:00+00:00,long,2022.764,2023-05-12 06:20:00+00:00,2006.1032500000001,2006.1032500000001,2079.778,-24.70987717796013,SL
2023-05-12 13:45:00+00:00,long,2020.404,2023-05-12 13:50:00+00:00,2019.53575,2019.53575,2079.778,-1.289222353549076,SL
2023-05-15 00:55:00+00:00,long,2011.924,2023-05-15 12:05:00+00:00,2011.6197499999998,2011.6197499999998,2048.114,-0.4536702181595402,SL
2023-05-31 17:25:00+00:00,short,1963.535,2023-06-01 14:00:00+00:00,1976.86675,1976.86675,1951.885,-20.369002844359525,SL
2023-06-02 13:40:00+00:00,short,1968.045,2023-06-09 12:30:00+00:00,1971.87175,1971.87175,1931.905,-5.833326981852468,SL
2023-06-14 10:55:00+00:00,short,1947.695,2023-06-15 05:10:00+00:00,1931.905,1962.67225,1931.905,24.32105642823948,TP
2023-06-27 13:55:00+00:00,short,1923.414,2023-06-28 06:40:00+00:00,1910.065,1957.21225,1910.065,20.820790531835474,TP
2023-07-04 01:05:00+00:00,short,1920.245,2023-07-12 13:30:00+00:00,1952.9247500000001,1952.9247500000001,1892.915,-51.05559446841456,SL
2023-07-25 06:20:00+00:00,long,1963.525,2023-07-25 11:10:00+00:00,1956.07475,1956.07475,1987.385,-11.3829719509557,SL
2023-08-23 18:05:00+00:00,short,1917.314,2023-09-27 13:50:00+00:00,1884.755,1961.7275,1884.755,50.9447070224282,TP
2023-10-12 07:50:00+00:00,short,1878.985,2023-10-13 12:30:00+00:00,1913.05825,1913.05825,1810.288,-54.401578511803145,SL
2023-11-01 05:25:00+00:00,long,1978.435,2023-11-03 12:30:00+00:00,1997.135,1964.33675,1997.135,28.355745829405638,TP
2023-11-06 06:30:00+00:00,long,1985.285,2023-11-06 23:35:00+00:00,1976.645,1976.645,1997.135,-13.056059961164417,SL
2023-11-16 12:05:00+00:00,short,1964.025,2023-11-16 14:45:00+00:00,1980.73,1980.73,1931.515,-25.51647764157777,SL
2023-12-06 14:30:00+00:00,long,2032.715,2023-12-11 15:20:00+00:00,1984.92,1984.92,2145.135,-70.53866380678036,SL
2023-12-19 02:05:00+00:00,short,2025.215,2023-12-19 12:15:00+00:00,2029.065,2029.065,1972.935,-5.703098189575136,SL
2024-01-03 18:00:00+00:00,long,2034.465,2024-01-17 18:35:00+00:00,2001.79,2001.79,2088.355,-48.182200234459614,SL
2024-01-23 09:45:00+00:00,short,2027.515,2024-01-30 14:25:00+00:00,2047.0475000000001,2047.0475000000001,2001.755,-28.90114253162126,SL
2024-02-06 00:25:00+00:00,long,2026.195,2024-02-07 14:40:00+00:00,2039.278,2011.1357500000001,2039.278,19.370791064038876,TP
2024-02-07 14:40:00+00:00,long,2040.225,2024-02-12 14:15:00+00:00,2017.65325,2017.65325,2065.348,-33.19008932838266,SL
2024-02-13 13:30:00+00:00,short,2015.485,2024-02-13 13:35:00+00:00,2014.835,2037.0575,2014.835,0.967509061094273,TP
2024-02-19 08:45:00+00:00,short,2019.155,2024-02-20 13:30:00+00:00,2029.37075,2029.37075,1984.088,-15.178255260245109,SL
2024-02-27 20:05:00+00:00,short,2029.295,2024-02-28 14:00:00+00:00,2037.3374999999999,2037.3374999999999,2015.955,-11.889597126095206,SL
2024-03-15 09:50:00+00:00,long,2170.165,2024-03-15 12:35:00+00:00,2161.6125,2161.6125,2195.085,-11.822833747664047,SL
2024-03-25 10:05:00+00:00,long,2169.055,2024-03-25 10:30:00+00:00,2168.56,2168.56,2222.875,-0.6846299425324266,SL
2024-04-17 07:45:00+00:00,long,2382.258,2024-05-20 01:00:00+00:00,2431.385,2220.6875,2431.385,61.866095108087045,TP
2024-05-23 03:50:00+00:00,long,2371.525,2024-05-23 19:55:00+00:00,2330.9449999999997,2330.9449999999997,2449.985,-51.334057199481826,SL
2024-05-28 13:15:00+00:00,long,2361.085,2024-05-28 13:45:00+00:00,2356.4449999999997,2356.4449999999997,2449.985,-5.895594610105516,SL
2024-05-31 06:40:00+00:00,long,2345.035,2024-05-31 14:40:00+00:00,2334.9425,2334.9425,2363.975,-12.911321152988863,SL
2024-06-12 18:45:00+00:00,short,2321.055,2024-06-20 14:45:00+00:00,2362.35325,2362.35325,2286.628,-53.37863600819492,SL
2024-06-25 22:20:00+00:00,long,2320.735,2024-06-26 11:00:00+00:00,2307.1105000000002,2307.1105000000002,2368.558,-17.61230816960993,SL
2024-07-03 00:10:00+00:00,long,2331.375,2024-07-03 06:55:00+00:00,2339.635,2299.87975,2339.635,10.62892070130316,TP
2024-07-10 05:15:00+00:00,long,2369.055,2024-07-11 12:30:00+00:00,2392.815,2313.17475,2392.815,30.087946459664575,TP
2024-07-22 01:20:00+00:00,long,2410.648,2024-08-16 12:50:00+00:00,2483.548,2335.858,2483.548,90.72249453258995,TP
2024-08-23 05:05:00+00:00,long,2494.715,2024-09-12 12:45:00+00:00,2531.558,2456.90075,2531.558,44.30526132243545,TP
2024-10-03 09:40:00+00:00,long,2646.808,2024-10-03 14:00:00+00:00,2639.75475,2639.75475,2685.405,-7.994440851017453,SL
2024-10-15 03:15:00+00:00,short,2646.305,2024-10-15 15:30:00+00:00,2664.48725,2664.48725,2601.734,-20.612419959150923,SL
2024-10-28 05:25:00+00:00,long,2735.525,2024-10-29 13:35:00+00:00,2758.338,2721.06075,2758.338,25.01859789254359,TP
2024-11-04 12:45:00+00:00,long,2743.585,2024-11-05 02:35:00+00:00,2728.9775,2728.9775,2790.005,-15.972714532263524,SL
2024-11-21 12:55:00+00:00,short,2663.165,2025-01-21 03:20:00+00:00,2726.66975,2726.66975,2536.664,-71.53678048487426,SL
2025-02-17 01:10:00+00:00,long,2888.285,2025-02-19 09:15:00+00:00,2942.665,2883.43,2942.665,56.483345653216475,TP
2025-03-05 00:00:00+00:00,short,2913.115,2025-03-05 00:15:00+00:00,2915.1125,2915.1125,2832.455,-2.057076359842025,SL
2025-03-26 01:40:00+00:00,long,3022.415,2025-03-26 05:05:00+00:00,3013.7622499999998,3013.7622499999998,3057.245,-8.588579000567622,SL
2025-04-09 17:25:00+00:00,short,3059.855,2025-04-10 03:10:00+00:00,3125.478,3125.478,2999.268,-64.33932326858631,SL
2025-04-28 16:40:00+00:00,long,3337.675,2025-04-29 02:55:00+00:00,3319.5925,3319.5925,3499.915,-16.2530803628274,SL
2025-05-06 05:20:00+00:00,short,3354.285,2025-05-06 20:30:00+00:00,3425.3575,3425.3575,3201.685,-63.565707743975445,SL
2025-05-09 14:00:00+00:00,short,3324.465,2025-05-14 12:35:00+00:00,3201.685,3378.6625000000004,3201.685,110.7967748194072,TP
2025-05-19 17:35:00+00:00,short,3225.775,2025-05-23 12:35:00+00:00,3358.2925,3358.2925,3120.205,-123.24247661414691,SL
2025-05-28 13:35:00+00:00,short,3303.425,2025-05-28 13:50:00+00:00,3304.3997499999996,3304.3997499999996,3120.205,-0.8852176150505036,SL
2025-06-09 05:35:00+00:00,long,3313.345,2025-06-11 22:35:00+00:00,3365.798,3275.348,3365.798,47.49248870854075,TP
2025-06-12 01:25:00+00:00,long,3375.245,2025-06-13 00:05:00+00:00,3403.178,3320.6929999999998,3403.178,24.82753103848757,TP
2025-06-19 00:35:00+00:00,long,3380.365,2025-06-24 05:40:00+00:00,3332.66975,3332.66975,3451.085,-42.32849115406156,SL
2025-07-02 13:50:00+00:00,short,3336.335,2025-07-21 14:30:00+00:00,3399.545,3399.545,3244.925,-56.83781754530049,SL
2025-07-25 07:20:00+00:00,long,3359.465,2025-07-27 22:00:00+00:00,3323.545,3323.545,3365.455,-32.07653599605896,SL
2025-08-04 06:25:00+00:00,short,3353.448,2025-08-07 07:35:00+00:00,3395.98,3395.98,3267.955,-38.04919593206767,SL
2025-08-12 10:00:00+00:00,short,3344.475,2025-08-14 00:30:00+00:00,3373.495,3373.495,3267.955,-26.03099141120802,SL
2025-08-18 12:05:00+00:00,short,3345.965,2025-08-18 12:35:00+00:00,3347.9049999999997,3347.9049999999997,3267.955,-1.739408511445517,SL
2025-09-18 07:45:00+00:00,long,3659.535,2025-09-19 15:20:00+00:00,3673.645,3627.01,3673.645,11.567043353868835,TP
2025-09-22 05:30:00+00:00,long,3698.485,2025-09-22 06:30:00+00:00,3707.308,3635.4257500000003,3707.308,7.156714168098451,TP
2025-09-26 00:55:00+00:00,long,3749.385,2025-09-29 02:15:00+00:00,3790.865,3656.315,3790.865,33.18944306866291,TP
2025-10-23 09:15:00+00:00,long,4122.785,2025-12-22 01:40:00+00:00,4381.298,3803.92325,4381.298,188.11046416439368,TP
2025-12-29 16:50:00+00:00,long,4345.235,2025-12-30 01:50:00+00:00,4353.325,4215.715,4353.325,5.585428636195841,TP
2025-12-31 09:40:00+00:00,long,4335.885,2026-01-12 00:05:00+00:00,4549.715,4264.8125,4549.715,147.94903462614892,TP
2026-02-03 01:15:00+00:00,long,4839.048,2026-02-03 02:10:00+00:00,4801.587500000001,4801.587500000001,5596.805,-23.223886185877408,SL
2026-02-09 05:30:00+00:00,long,5031.415,2026-02-11 10:40:00+00:00,5091.395,4675.235000000001,5091.395,35.763299191182085,TP
2026-02-17 10:10:00+00:00,long,4936.035,2026-02-17 10:25:00+00:00,4930.79,4930.79,5091.395,-3.1877812859916252,SL
2026-03-03 18:50:00+00:00,long,5136.515,2026-03-15 23:20:00+00:00,4970.335,4970.335,5249.575,-97.05802475024424,SL
2026-04-01 02:35:00+00:00,short,4680.125,2026-06-10 18:50:00+00:00,4098.275,4953.3425,4098.275,372.9708074036486,TP
2026-06-15 11:45:00+00:00,short,4333.535,2026-06-24 12:25:00+00:00,4023.585,4441.0650000000005,4023.585,214.57078343661686,TP
2026-06-25 19:45:00+00:00,short,4026.328,2026-06-25 19:50:00+00:00,4023.585,4292.49,4023.585,2.043797723384636,TP
2026-06-29 04:35:00+00:00,short,4054.675,2026-06-30 01:05:00+00:00,3958.695,4276.2675,3958.695,71.01432297286466,TP
2026-07-09 00:50:00+00:00,short,4070.455,2026-07-22 13:30:00+00:00,4141.8525,4141.8525,3958.695,-52.621267155637426,SL
2026-07-22 17:35:00+00:00,short,4138.815,2026-07-22 17:45:00+00:00,4142.05,4142.05,3959.485,-2.344874076275878,SL
2026-08-04 00:55:00+00:00,short,4048.945,2026-08-04 11:50:00+00:00,4079.99125,4079.99125,3959.485,-23.003214417582754,SL
