interval,sl_buffer_pts,tp,capital,total_trades,wins,losses,flats,win_rate,expectancy_R,profit_factor,max_drawdown,total_return,final_equity,net_pnl,long_trades,short_trades,tp_exits,stop_exits
5m,2.0,anchor,10000.0,37,5,32,0,0.13513513513513514,-0.15100739316476738,0.5792519838041141,-0.07802801577124702,-0.05608097542570212,9439.190245742979,-560.8097542570213,25,12,4,24
5m,2.0,3R,10000.0,36,5,31,0,0.1388888888888889,-0.22833140088368792,0.3744123291042488,-0.07970022440279463,-0.07970022440279467,9202.997755972054,-797.0022440279463,24,12,5,23
5m,2.0,5R,10000.0,32,5,27,0,0.15625,-0.14231784534781444,0.6221369516155888,-0.06602021616517814,-0.0460573302693148,9539.426697306852,-460.57330269314843,22,10,3,21
5m,3.0,anchor,10000.0,30,7,23,0,0.23333333333333334,-0.0874265445074518,0.7410598896700556,-0.049666551534294556,-0.027598976586653556,9724.010234133464,-275.9897658665359,20,10,6,15
5m,3.0,3R,10000.0,24,6,18,0,0.25,-0.16589185433733045,0.5686314054554692,-0.04896725723439992,-0.03979503720998312,9602.049627900169,-397.95037209983093,16,8,4,12
5m,3.0,5R,10000.0,21,5,16,0,0.23809523809523808,-0.02796684103018115,0.9117419028057792,-0.04896725723440032,-0.007368951215134589,9926.310487848654,-73.68951215134621,15,6,2,9
5m,4.0,anchor,10000.0,24,7,17,0,0.2916666666666667,0.009640093615393234,1.008529415842048,-0.03886786808174795,0.0006749031501513958,10006.749031501513,6.749031501512945,15,9,6,9
5m,4.0,3R,10000.0,17,5,12,0,0.29411764705882354,-0.03854877505560597,0.8822681872291224,-0.03886786808174753,-0.007228502946158177,9927.714970538418,-72.28502946158187,12,5,3,5
5m,4.0,5R,10000.0,17,5,12,0,0.29411764705882354,0.10220665212450572,1.2569912853836087,-0.03886786808174755,0.016038330116698418,10160.383301166983,160.38330116698307,12,5,2,5
5m,5.0,anchor,10000.0,23,7,16,0,0.30434782608695654,0.03471055412148987,1.087490740037988,-0.03878992903698488,0.006406943819000643,10064.069438190007,64.06943819000662,15,8,7,7
5m,5.0,3R,10000.0,17,5,12,0,0.29411764705882354,-0.033220451024022275,0.8980001596611612,-0.0387899290369852,-0.0063423353232545665,9936.576646767455,-63.423353232545196,12,5,3,5
5m,5.0,5R,10000.0,17,5,12,0,0.29411764705882354,0.1059109646256831,1.263639185297997,-0.03878992903698536,0.016655379108520885,10166.553791085209,166.553791085209,12,5,2,5
15m,2.0,anchor,10000.0,19,5,14,0,0.2631578947368421,0.04904233175469923,1.1029406216428375,-0.03820955303059737,0.007645311817874978,10076.45311817875,76.45311817874972,13,6,2,8
15m,2.0,3R,10000.0,19,5,14,0,0.2631578947368421,-0.11613782663487794,0.6909192234320116,-0.038209553030597365,-0.02252837882470482,9774.716211752951,-225.2837882470485,13,6,3,8
15m,2.0,5R,10000.0,19,5,14,0,0.2631578947368421,0.0350289008679199,1.0698190526059004,-0.038209553030597525,0.005180728263089351,10051.807282630894,51.807282630894406,13,6,3,8
15m,3.0,anchor,10000.0,18,5,13,0,0.2777777777777778,0.062164193765396836,1.1331236983918043,-0.038133666431533,0.009566425704844006,10095.66425704844,95.66425704844005,12,6,2,7
15m,3.0,3R,10000.0,18,5,13,0,0.2777777777777778,-0.09911515338493883,0.7394409341372473,-0.03813366643153309,-0.018395590740626133,9816.044092593738,-183.95590740626176,12,6,3,7
15m,3.0,5R,10000.0,18,5,13,0,0.2777777777777778,0.035353629833108094,1.0683185899222658,-0.03813366643153288,0.0048953389993300345,10048.9533899933,48.953389993299425,12,6,2,7
15m,4.0,anchor,10000.0,17,6,11,0,0.35294117647058826,0.10859116252351546,1.262293769598956,-0.038058405254623874,0.01697859276718039,10169.785927671805,169.78592767180453,11,6,3,5
15m,4.0,3R,10000.0,17,6,11,0,0.35294117647058826,-0.037904423945239414,0.8878645147712174,-0.03805840525462374,-0.007142142721494937,9928.57857278505,-71.42142721494929,11,6,4,5
15m,4.0,5R,10000.0,17,6,11,0,0.35294117647058826,0.11343379289432598,1.276806706039076,-0.03805840525462359,0.017950957521025268,10179.509575210253,179.5095752102534,11,6,2,5
15m,5.0,anchor,10000.0,17,6,11,0,0.35294117647058826,0.10019776451513951,1.2377505053878723,-0.037983761800156064,0.01555416944926269,10155.541694492627,155.54169449262736,11,6,3,5
15m,5.0,3R,10000.0,17,6,11,0,0.35294117647058826,-0.027672337015207164,0.9158853576384925,-0.03798376180015602,-0.0054306004618353,9945.693995381647,-54.306004618352745,11,6,4,5
15m,5.0,5R,10000.0,17,6,11,0,0.35294117647058826,0.11708118564108323,1.2826613802336855,-0.03798376180015609,0.018557922687211903,10185.57922687212,185.57922687211976,11,6,2,5
1h,2.0,anchor,10000.0,18,9,9,0,0.5,0.17960657030563087,1.561012401924722,-0.030769588432817466,0.03100506420537741,10310.050642053773,310.0506420537731,8,10,7,5
1h,2.0,3R,10000.0,18,9,9,0,0.5,-0.016701082632293147,0.9326511121938095,-0.03076958843281751,-0.0036355179580894736,9963.644820419106,-36.3551795808944,8,10,7,5
1h,2.0,5R,10000.0,15,6,9,0,0.4,0.17561025318166443,1.458753845249001,-0.03076958843281726,0.025246971341497115,10252.469713414972,252.46971341497192,8,7,4,5
1h,3.0,anchor,10000.0,17,9,8,0,0.5294117647058824,0.206703953058285,1.654207513456878,-0.03072432165134062,0.033948992049323445,10339.489920493235,339.48992049323533,8,9,7,4
1h,3.0,3R,10000.0,14,6,8,0,0.42857142857142855,0.007020132416964657,1.0067920604171328,-0.030724321651340602,0.0003440011089770323,10003.44001108977,3.4400110897695413,8,6,4,4
1h,3.0,5R,10000.0,14,6,8,0,0.42857142857142855,0.24036355910094936,1.6301517506949676,-0.03072432165134056,0.03274121955659104,10327.41219556591,327.4121955659102,8,6,4,4
1h,4.0,anchor,10000.0,17,9,8,0,0.5294117647058824,0.19951570062231827,1.6247997143766952,-0.03067942931505804,0.032718500336626155,10327.185003366261,327.1850033662613,8,9,7,4
1h,4.0,3R,10000.0,14,6,8,0,0.42857142857142855,0.02130133320274327,1.0454813851202396,-0.030679429315058113,0.002331872387424161,10023.318723874241,23.318723874241186,8,6,4,4
1h,4.0,5R,10000.0,14,6,8,0,0.42857142857142855,0.2667698691158947,1.6933432267007846,-0.030679429315057936,0.03652344901545779,10365.234490154578,365.23449015457845,8,6,4,4
1h,5.0,anchor,10000.0,17,9,8,0,0.5294117647058824,0.19241894237189197,1.5962122197400221,-0.030634906797045093,0.03150411656097618,10315.041165609762,315.0411656097622,8,9,7,4
1h,5.0,3R,10000.0,14,6,8,0,0.42857142857142855,0.035578281017656956,1.0832566645364619,-0.030634906797045156,0.004320801817940589,10043.208018179406,43.20801817940628,8,6,4,4
1h,5.0,5R,10000.0,14,6,8,0,0.42857142857142855,0.26596074163599653,1.6841045941932888,-0.03063490679704509,0.036395050829769016,10363.95050829769,363.95050829769025,8,6,3,4
4h,2.0,anchor,10000.0,12,4,8,0,0.3333333333333333,0.2633569119437998,1.5848627105241593,-0.025940431325166127,0.030241825643233522,10302.418256432335,302.4182564323346,6,6,3,6
4h,2.0,3R,10000.0,12,4,8,0,0.3333333333333333,-0.029247331736937183,0.9180409640294037,-0.025940431325165967,-0.004148480603505367,9958.515193964946,-41.484806035054135,6,6,3,6
4h,2.0,5R,10000.0,12,4,8,0,0.3333333333333333,0.21165950914975165,1.470365064457315,-0.025940431325166283,0.02427034072681855,10242.703407268185,242.7034072681854,6,6,3,6
4h,3.0,anchor,10000.0,11,4,7,0,0.36363636363636365,0.3280641288228631,1.7486878551965908,-0.025915183096349034,0.034922759752426646,10349.227597524266,349.22759752426646,6,5,3,5
4h,3.0,3R,10000.0,11,4,7,0,0.36363636363636365,0.03063372673035867,1.0597836433613257,-0.02591518309634909,0.0027310923635792683,10027.310923635792,27.310923635792278,6,5,3,5
4h,3.0,5R,10000.0,11,4,7,0,0.36363636363636365,0.303765527850808,1.6962702564976817,-0.025915183096349225,0.032497818642195586,10324.978186421955,324.9781864219549,6,5,3,5
4h,4.0,anchor,10000.0,11,4,7,0,0.36363636363636365,0.31417694125861556,1.70363642400442,-0.02589014403350274,0.033373280750178536,10333.732807501785,333.7328075017849,6,5,3,5
4h,4.0,3R,10000.0,11,4,7,0,0.36363636363636365,0.03836855453711984,1.0766690014379998,-0.02589014403350278,0.0035697451543934555,10035.697451543934,35.69745154393422,6,5,3,5
4h,4.0,5R,10000.0,11,4,7,0,0.36363636363636365,0.3218235290200708,1.724844149582211,-0.02589014403350277,0.034512508007694676,10345.125080076947,345.1250800769467,6,5,3,5
4h,5.0,anchor,10000.0,10,4,6,0,0.4,0.3992641298560806,1.9391708132576553,-0.025865311548136746,0.038987868510685475,10389.878685106854,389.8786851068544,6,4,3,4
4h,5.0,3R,10000.0,10,4,6,0,0.4,0.11949762709591646,1.278876498738392,-0.0258653115481366,0.01136399452759873,10113.639945275987,113.63994527598697,6,4,3,4
4h,5.0,5R,10000.0,10,4,6,0,0.4,0.4216983570014139,1.9963101257111773,-0.025865311548136656,0.04154438143717032,10415.443814371703,415.4438143717034,6,4,2,4
