entry_time,exit_time,entry,exit,sl,tp,pnl,fees,equity_after,exit_hit,risk,reward
2025-08-07 19:35:00+00:00,2025-08-08 01:40:00+00:00,3391.6949999999997,3380.14908,3381.84,3411.404999999999,-2.700384922582893,0.9982979129904076,9997.299615077418,sl,9.854999999999563,19.709999999999127
2025-08-08 07:05:00+00:00,2025-08-08 07:40:00+00:00,3394.05618,3386.5758650000002,3388.27,3405.62854,-2.1003034841281836,0.9986282863099236,9995.19931159329,sl,5.7861800000000585,11.572360000000117
2025-08-08 07:50:00+00:00,2025-08-08 10:20:00+00:00,3395.4068549999997,3384.976665,3386.67,3412.880564999999,-2.5331737836646613,0.9979847421177821,9992.666137809625,sl,8.73685499999965,17.4737099999993
2025-08-08 16:25:00+00:00,2025-08-08 18:00:00+00:00,3390.0441749999995,3375.5913600000003,3377.28,3415.572524999998,-3.127229045000202,0.9971365212572194,9989.538908764625,sl,12.76417499999934,25.52834999999868
2025-08-09 14:05:00+00:00,2025-08-09 16:00:00+00:00,3393.1657349999996,3384.7867600000004,3386.48,3406.5372049999987,-2.2311129012479345,0.9977204984736882,9987.307795863377,sl,6.685734999999568,13.371469999999135
2025-08-09 21:50:00+00:00,2025-08-09 23:10:00+00:00,3387.8830949999997,3381.4384350000005,3383.13,3397.389284999999,-1.9477074185901881,0.9977808530207684,9985.360088444786,sl,4.7530949999995755,9.506189999999151
2025-08-10 11:45:00+00:00,2025-08-10 14:15:00+00:00,3389.13372,3383.44743,3385.14,3397.1211599999997,-1.8353704074013737,0.9976983367738511,9983.524718037384,sl,3.9937199999999393,7.987439999999879
2025-08-10 15:40:00+00:00,2025-08-10 17:15:00+00:00,3390.4143599999998,3382.417945,3384.11,3403.023079999999,-2.1745003689795412,0.9971751465813403,9981.350217668405,sl,6.304359999999633,12.608719999999266
2025-08-10 19:15:00+00:00,2025-08-10 21:45:00+00:00,3392.325315,3384.28701,3385.98,3405.015945,-2.1795208969607405,0.9969524533232029,9979.170696771444,sl,6.345315000000028,12.690630000000056
2025-08-11 17:40:00+00:00,2025-08-11 21:40:00+00:00,3353.0757,3337.9601850000004,3339.63,3379.9670999999994,-3.2449505030447483,0.9956677869610605,9975.925746268398,sl,13.44569999999976,26.89139999999952
2025-08-12 12:35:00+00:00,2025-08-12 14:10:00+00:00,3351.0346799999998,3336.8407450000004,3338.51,3376.084039999999,-3.10822492364428,0.9954798295327285,9972.817521344754,sl,12.524679999999535,25.04935999999907
2025-08-12 15:30:00+00:00,2025-08-14 14:05:00+00:00,3355.03668,3330.603865,3332.27,3400.5700400000005,-4.624967001796907,0.9936504355682468,9968.192554342957,sl,22.76668000000018,45.53336000000036
2025-08-14 19:10:00+00:00,2025-08-14 20:15:00+00:00,3335.56695,3329.3345000000004,3331.0,3344.7008499999997,-1.9271578808308667,0.9958879855390039,9966.265396462126,sl,4.566949999999906,9.133899999999812
2025-08-15 07:50:00+00:00,2025-08-15 08:40:00+00:00,3340.719525,3332.41296,3334.08,3353.998575,-2.2344234464613564,0.9953875037034547,9964.030973015664,sl,6.639525000000049,13.279050000000097
2025-08-15 15:20:00+00:00,2025-08-15 16:20:00+00:00,3337.14774,3328.05514,3329.72,3352.00322,-2.352476548775676,0.99504566641921,9961.678496466888,sl,7.427740000000085,14.85548000000017
2025-08-15 19:30:00+00:00,2025-08-15 20:20:00+00:00,3333.255795,3328.9646850000004,3330.63,3338.507385,-1.6367414236702467,0.9955266348578765,9960.041755043218,sl,2.6257949999999255,5.251589999999851
2025-08-16 14:00:00+00:00,2025-08-16 14:50:00+00:00,3332.7255299999997,3326.286025,3327.95,3342.2765899999995,-1.9572834702791009,0.9950419339680106,9958.084471572938,sl,4.77552999999989,9.55105999999978
2025-08-17 08:15:00+00:00,2025-08-17 08:45:00+00:00,3334.92663,3330.0441450000003,3331.71,3341.3598899999997,-1.7240340312854063,0.9950794926186269,9956.360437541653,sl,3.2166299999998955,6.433259999999791
2025-08-17 21:15:00+00:00,2025-08-17 23:10:00+00:00,3330.234285,3326.326005,3327.99,3334.7228550000004,-1.5792786466418698,0.9950518169244477,9954.78115889501,sl,2.244285000000218,4.488570000000436
2025-08-18 20:30:00+00:00,2025-08-19 00:00:00+00:00,3333.96615,3327.0956200000005,3328.76,3344.37845,-2.020177001524921,0.9944523912792554,9952.760981893485,sl,5.20614999999998,10.41229999999996
2025-08-19 07:10:00+00:00,2025-08-19 13:00:00+00:00,3339.3488399999997,3329.8442450000002,3331.51,3355.0265199999985,-2.4102580277566337,0.9938596998614533,9950.35072386573,sl,7.838839999999436,15.677679999998873
2025-08-20 07:15:00+00:00,2025-08-20 08:05:00+00:00,3320.329335,3313.432455,3315.09,3330.8080049999994,-2.0274288744536877,0.9940016451572766,9948.323294991276,sl,5.239334999999755,10.47866999999951
2025-08-20 13:45:00+00:00,2025-08-21 10:45:00+00:00,3337.7080199999996,3318.6198600000002,3320.28,3372.5640599999983,-3.836682042880102,0.9919876350913389,9944.486612948396,sl,17.42801999999938,34.85603999999876
2025-08-21 13:35:00+00:00,2025-08-26 20:35:00+00:00,3338.5184249999998,3377.3657473624994,3318.25,3379.0552749999993,4.785515852538658,1.0002344115589372,9949.272128800934,tp,20.268424999999752,40.536849999999504
2025-08-27 08:05:00+00:00,2025-08-27 23:35:00+00:00,3374.536425,3388.6940803624993,3366.61,3390.389274999999,1.090062987535044,0.9970142901577863,9950.36219178847,tp,7.926424999999654,15.852849999999307
2025-08-28 08:30:00+00:00,2025-08-28 12:05:00+00:00,3392.945625,3399.9360565624997,3388.6,3401.6368749999997,0.028967349959695965,0.9960612477765834,9950.39115913843,tp,4.345624999999927,8.691249999999854
2025-08-28 14:10:00+00:00,2025-08-29 14:10:00+00:00,3406.952625,3434.7396460625005,3392.2,3436.457875,3.058660295160004,0.9990968730820852,9953.44981943359,tp,14.75262500000008,29.50525000000016
2025-08-29 17:00:00+00:00,2025-08-29 18:10:00+00:00,3457.20774,3447.2755,3449.0,3473.6232199999995,-2.423682527868975,0.9939152146301201,9951.02613690572,sl,8.20773999999983,16.41547999999966
2025-08-30 09:05:00+00:00,2025-08-30 11:05:00+00:00,3464.981625,3457.3204750000004,3459.05,3476.8448749999993,-2.094099315943806,0.9940025168915199,9948.932037589777,sl,5.931624999999713,11.863249999999425
2025-08-30 12:45:00+00:00,2025-08-30 16:05:00+00:00,3465.15171,3454.5718500000003,3456.3,3482.85513,-2.5121867972205125,0.9933743913531103,9946.419850792556,sl,8.851709999999912,17.703419999999824
2025-08-30 20:45:00+00:00,2025-08-31 03:30:00+00:00,3464.1412049999994,3458.8397150000005,3460.57,3471.283614999998,-1.7549763856134963,0.9938808895832255,9944.664874406943,sl,3.5712049999992814,7.142409999998563
2025-08-31 12:35:00+00:00,2025-08-31 13:10:00+00:00,3466.9726199999996,3458.8796950000005,3460.61,3479.6978599999984,-2.1539931749015446,0.9933058000658588,9942.510881232041,sl,6.362619999999424,12.725239999998848
2025-08-31 14:50:00+00:00,2025-08-31 22:05:00+00:00,3467.55291,3454.6518100000003,3456.38,3489.8987299999994,-2.8419670585585153,0.9924015225872329,9939.668914173482,sl,11.172909999999774,22.34581999999955
2025-09-01 13:10:00+00:00,2025-09-02 00:00:00+00:00,3489.0536549999997,3503.408384517499,3481.0,3505.160964999999,1.048686956760593,0.996011589964073,9940.717601130244,tp,8.053654999999708,16.107309999999416
2025-09-02 09:30:00+00:00,2025-09-02 14:40:00+00:00,3500.4293399999997,3519.527375989999,3490.0,3521.288019999999,1.715000697985705,0.9967835443553654,9942.43260182823,tp,10.429339999999684,20.858679999999367
2025-09-02 19:05:00+00:00,2025-09-09 01:55:00+00:00,3549.3938099999996,3654.5132592849986,3495.92,3656.3414299999986,13.713872442224211,1.008966098723771,9956.146474270454,tp,53.4738099999995,106.947619999999
2025-09-09 09:15:00+00:00,2025-09-09 14:30:00+00:00,3665.2417049999995,3648.384895,3650.21,3695.3051149999983,-3.282790420184045,0.9933251821890503,9952.86368385027,sl,15.03170499999942,30.06340999999884
2025-09-10 09:35:00+00:00,2025-09-10 12:45:00+00:00,3653.8860299999997,3644.9066350000003,3646.73,3668.198089999999,-2.2170174646891194,0.9940634143346726,9950.64666638558,sl,7.156029999999646,14.312059999999292
2025-09-10 14:40:00+00:00,2025-09-10 15:10:00+00:00,3656.137155,3642.69774,3644.52,3679.3714649999997,-2.8220904801416173,0.9932358119703869,9947.824575905439,sl,11.617154999999912,23.234309999999823
2025-09-11 12:35:00+00:00,2025-09-15 16:25:00+00:00,3639.108645,3687.301362032499,3614.09,3689.145934999999,5.585582803538916,1.0013694098038868,9953.410158708977,tp,25.01864499999965,50.0372899999993
2025-09-16 09:25:00+00:00,2025-09-16 15:05:00+00:00,3709.363755,3693.93211,3695.78,3736.531264999999,-3.0636727400061416,0.9932706137446362,9950.34648596897,sl,13.583754999999655,27.16750999999931
2025-09-16 22:00:00+00:00,2025-09-17 01:30:00+00:00,3700.90953,3693.69223,3695.54,3711.64859,-1.9642939681767602,0.994064419047768,9948.382192000794,sl,5.369529999999941,10.739059999999881
2025-09-17 12:45:00+00:00,2025-09-17 18:00:00+00:00,3688.4633099999996,3675.2714450000003,3677.11,3711.1699299999987,-2.772088880403303,0.9930591895091854,9945.61010312039,sl,11.35330999999951,22.70661999999902
2025-09-17 18:10:00+00:00,2025-09-17 18:20:00+00:00,3708.4933199999996,3685.3564,3687.2,3751.079959999999,-4.093942008007565,0.9914585268308624,9941.516161112384,sl,21.293319999999767,42.586639999999534
2025-09-18 09:15:00+00:00,2025-09-18 13:35:00+00:00,3669.8540099999996,3649.244465,3651.07,3707.4220299999984,-3.7828897240608756,0.9913600864736513,9937.733271388322,sl,18.784009999999398,37.568019999998796
2025-09-19 09:05:00+00:00,2025-09-19 11:40:00+00:00,3665.0716199999997,3653.95211,3655.78,3683.6548599999987,-2.499776936476786,0.9922658160183738,9935.233494451846,sl,9.291619999999511,18.583239999999023
2025-09-19 13:15:00+00:00,2025-09-19 16:10:00+00:00,3662.21019,3677.271014714999,3653.76,3679.110569999999,1.047364114640645,0.995566279839665,9936.280858566486,tp,8.450189999999566,16.90037999999913
2025-09-19 18:20:00+00:00,2025-09-22 06:30:00+00:00,3685.5918749999996,3710.919237187499,3672.0,3712.775624999999,2.417060520536203,0.9970421885657507,9938.697919087022,tp,13.591874999999618,27.183749999999236
2025-09-22 10:15:00+00:00,2025-09-23 08:40:00+00:00,3735.877005,3777.7212094924994,3714.01,3779.611014999999,4.566551906280231,0.9994357795945771,9943.264470993303,tp,21.867004999999608,43.734009999999216
2025-09-24 07:20:00+00:00,2025-09-24 08:15:00+00:00,3786.4522799999995,3781.32839,3783.22,3792.916839999999,-1.6664231940426402,0.9936536775828707,9941.59804779926,sl,3.2322799999997187,6.464559999999437
2025-09-25 18:00:00+00:00,2025-09-26 13:10:00+00:00,3748.923525,3769.1250697125006,3737.88,3771.0105750000002,1.6817390299241968,0.9968383821920422,9943.279786829184,tp,11.043525000000045,22.08705000000009
2025-09-26 17:40:00+00:00,2025-09-26 19:50:00+00:00,3791.5648349999997,3776.05103,3777.94,3818.814504999999,-3.0265211795890057,0.9922937512545841,9940.253265649595,sl,13.62483499999962,27.24966999999924
2025-09-27 08:00:00+00:00,2025-09-28 20:30:00+00:00,3775.8769949999996,3768.924595,3770.81,3786.010984999999,-1.9082435105619049,0.9931101932476452,9938.345022139034,sl,5.066994999999679,10.133989999999358
2025-09-29 11:20:00+00:00,2025-09-30 03:10:00+00:00,3834.226155,3861.8665657674997,3819.44,3863.7984649999994,2.5847916367846566,0.9974167105612493,9940.929813775818,tp,14.78615499999978,29.57230999999956
2025-09-30 11:35:00+00:00,2025-10-01 02:05:00+00:00,3833.2656749999996,3884.014046487499,3806.92,3885.957024999999,5.579694956260368,1.0006733496835258,9946.509508732079,tp,26.345674999999574,52.69134999999915
2025-10-01 19:45:00+00:00,2025-10-02 00:05:00+00:00,3877.29768,3863.0675,3865.0,3901.8930400000004,-2.8180740115999803,0.9928257025641721,9943.691434720478,sl,12.297680000000128,24.595360000000255
2025-10-02 07:20:00+00:00,2025-10-02 07:25:00+00:00,3879.5988299999995,3869.474295,3871.41,3895.9764899999986,-2.290567295847282,0.9930716478240247,9941.40086742463,sl,8.188829999999598,16.377659999999196
2025-10-02 08:35:00+00:00,2025-10-02 14:25:00+00:00,3880.949505,3868.065,3870.0,3902.848515,-2.642730708564449,0.9924898458797784,9938.758136716066,sl,10.949505000000045,21.89901000000009
2025-10-03 07:25:00+00:00,2025-10-03 13:20:00+00:00,3868.123095,3881.5675303575003,3860.43,3883.509285,0.7316040512809281,0.995603020743631,9939.489740767347,tp,7.693095000000085,15.38619000000017
2025-10-03 16:05:00+00:00,2025-10-03 23:55:00+00:00,3891.1245899999994,3865.1064800000004,3867.04,3939.2937699999984,-4.313659313674573,0.990625940703764,9935.176081453672,sl,24.08458999999948,48.16917999999896
2025-10-04 08:05:00+00:00,2025-10-04 16:20:00+00:00,3891.4347449999996,3902.192162882499,3885.08,3904.144234999999,0.3783409864353451,0.9948908399717744,9935.554422440107,tp,6.354744999999639,12.709489999999278
2025-10-04 19:40:00+00:00,2025-10-05 03:30:00+00:00,3902.85045,3889.2144200000002,3891.16,3926.23135,-2.7274937315378223,0.9918197682807537,9932.82692870857,sl,11.690450000000055,23.38090000000011
2025-10-05 09:45:00+00:00,2025-10-05 23:00:00+00:00,3896.8874699999997,3914.6241187949995,3887.04,3916.582409999999,1.264915536718318,0.9955431515591343,9934.091844245288,tp,9.847469999999703,19.694939999999406
2025-10-06 07:50:00+00:00,2025-10-06 12:35:00+00:00,3948.9734999999996,3935.181425,3937.15,3972.6204999999986,-2.7264510500250516,0.9916744077822861,9931.365393195263,sl,11.823499999999513,23.646999999999025
2025-10-06 13:45:00+00:00,2025-10-06 22:25:00+00:00,3954.2261249999997,3987.183785812499,3936.75,3989.178374999999,3.1415189801835517,0.9972753336333434,9934.506912175446,tp,17.476124999999683,34.95224999999937
2025-10-07 12:55:00+00:00,2025-10-08 04:00:00+00:00,3988.8034049999997,4026.595909892499,3968.9,4028.610214999999,3.7081404013857915,0.998156988607538,9938.215052576832,tp,19.903404999999566,39.80680999999913
2025-10-08 14:55:00+00:00,2025-10-08 22:05:00+00:00,4063.13055,4039.5592100000003,4041.58,4106.23165,-3.873654999057238,0.9909387890476737,9934.341397577775,sl,21.55054999999993,43.10109999999986
2025-10-09 10:50:00+00:00,2025-10-09 13:45:00+00:00,4056.6873299999997,4046.585695,4048.61,4072.841989999999,-2.2290819666381427,0.9921972550461856,9932.112315611137,sl,8.07732999999962,16.15465999999924
2025-10-09 19:15:00+00:00,2025-10-10 04:05:00+00:00,3989.1335699999995,3959.9590300000004,3961.94,4043.5207099999984,-4.6215059244891865,0.9895793049415662,9927.490809686647,sl,27.193569999999454,54.38713999999891
2025-10-10 08:05:00+00:00,2025-10-10 09:45:00+00:00,3986.502255,4010.8003616175,3973.35,4012.806765,2.0296750328724804,0.9957745305320693,9929.52048471952,tp,13.152254999999968,26.304509999999937
2025-10-10 15:10:00+00:00,2025-10-10 21:15:00+00:00,4021.1695799999998,3979.5292400000003,3981.52,4100.468739999999,-6.128959523337756,0.9878108998484628,9923.391525196183,sl,39.64957999999979,79.29915999999957
2025-10-11 14:40:00+00:00,2025-10-11 16:30:00+00:00,4000.1790899999996,3980.818595,3982.81,4034.917269999999,-3.3913523706326982,0.9899377378868726,9920.00017282555,sl,17.369089999999687,34.738179999999375
2025-10-11 21:30:00+00:00,2025-10-12 02:25:00+00:00,3986.05203,4004.252961955,3975.95,4006.25609,1.2705481573714652,0.9942648302701966,9921.270720982922,tp,10.102030000000013,20.204060000000027
2025-10-12 13:40:00+00:00,2025-10-12 15:10:00+00:00,4015.8069,3998.0,4000.0,4047.4207,-3.189573474786003,0.9899274260495559,9918.081147508135,sl,15.806900000000041,31.613800000000083
2025-10-13 08:50:00+00:00,2025-10-13 15:15:00+00:00,4086.6022799999996,4112.56952658,4072.59,4114.626839999999,2.1561335721391908,0.9949592075304834,9920.237281080275,tp,14.012279999999464,28.024559999999383
2025-10-13 19:55:00+00:00,2025-10-14 01:15:00+00:00,4121.069505,4157.968490742502,4101.58,4160.048515000001,3.4446964832247575,0.9964648894807333,9923.6819775635,tp,19.489505000000463,38.979010000000926
2025-10-14 08:05:00+00:00,2025-10-15 22:35:00+00:00,4149.243585,4238.8502696225005,4103.38,4240.970755,9.712462632466714,1.0030837441329497,9933.394440195967,tp,45.86358500000006,91.72717000000011
2025-10-16 07:15:00+00:00,2025-10-16 15:05:00+00:00,4249.433655,4286.1568145175,4230.0,4288.300964999999,3.2945359828646166,0.9976316116140754,9936.688976178832,tp,19.433654999999817,38.867309999999634
2025-10-16 16:15:00+00:00,2025-10-16 19:50:00+00:00,4302.220034999999,4332.232904947498,4286.13,4334.400104999998,2.468849557657398,0.9971348820575983,9939.157825736489,tp,16.09003499999926,32.18006999999852
2025-10-17 08:50:00+00:00,2025-10-17 11:30:00+00:00,4402.740269999999,4348.824500000001,4351.0,4506.220809999998,-7.07355524741505,0.9878300573836176,9932.084270489075,sl,51.74026999999933,103.48053999999865
2025-10-17 20:50:00+00:00,2025-10-17 23:40:00+00:00,4261.9599149999995,4223.527180000001,4225.64,4334.599744999998,-5.4669183305663225,0.9887302389572985,9926.617352158508,sl,36.31991499999913,72.63982999999826
2025-10-18 13:50:00+00:00,2025-10-18 15:35:00+00:00,4245.821849999999,4232.722580000001,4234.84,4267.785549999998,-2.5224175048993436,0.9911304481591106,9924.094934653609,sl,10.981849999999213,21.963699999998425
2025-10-20 15:05:00+00:00,2025-10-21 08:00:00+00:00,4339.58871,4279.35925,4281.5,4455.76613,-7.872383563911486,0.9855226325339836,9916.222551089697,sl,58.08870999999999,116.17741999999998
2025-10-21 18:40:00+00:00,2025-10-21 18:45:00+00:00,4130.464199999999,4110.573685,4112.63,4166.132599999998,-3.376844896941619,0.9892346448568851,9912.845706192755,sl,17.834199999999328,35.668399999998655
2025-10-22 13:05:00+00:00,2025-10-27 11:35:00+00:00,4083.02049,4020.9885000000004,4023.0,4203.06147,-8.513884979763546,0.9837544400795917,9904.33182121299,sl,60.02048999999988,120.04097999999976
2025-10-28 13:30:00+00:00,2025-10-28 14:40:00+00:00,3941.4697499999997,3995.150675374999,3913.63,3997.149249999999,5.747434382210282,0.9971777942978072,9910.079255595201,tp,27.83974999999964,55.67949999999928
2025-10-29 09:50:00+00:00,2025-10-29 13:40:00+00:00,4029.6738299999997,4001.998,4004.0,4081.021489999999,-4.390729722591562,0.9876048006375661,9905.688525872609,sl,25.673829999999725,51.34765999999945
2025-10-30 13:55:00+00:00,2025-11-04 06:05:00+00:00,3990.4842449999996,3958.8096050000004,3960.79,4049.872734999999,-4.917978906691224,0.9866375111917616,9900.770546965918,sl,29.694244999999682,59.388489999999365
2025-11-04 16:25:00+00:00,2025-11-04 18:05:00+00:00,3969.5838,3938.4298000000003,3940.4,4027.9513999999995,-4.871342352768288,0.9861919042480717,9895.89920461315,sl,29.183799999999792,58.367599999999584
2025-11-05 13:10:00+00:00,2025-11-06 08:15:00+00:00,3971.094555,4005.839743167501,3952.72,4007.843665000001,3.3353013697557348,0.9939191409720429,9899.234505982906,tp,18.374555000000328,36.749110000000655
2025-11-06 11:40:00+00:00,2025-11-06 14:15:00+00:00,4014.9264599999997,3998.9995000000004,4001.0,4042.779379999999,-2.951441910084538,0.987959968656863,9896.28306407282,sl,13.926459999999679,27.852919999999358
2025-11-07 09:00:00+00:00,2025-11-07 09:30:00+00:00,4006.4522249999995,3996.910545,3998.91,4021.536674999999,-2.1668885571595453,0.9884498677178405,9894.11617551566,sl,7.542224999999689,15.084449999999379
2025-11-07 19:05:00+00:00,2025-11-08 14:15:00+00:00,4006.692345,3984.2069,3986.2,4047.677035,-3.762910458315164,0.9866353424356866,9890.353265057345,sl,20.492345000000114,40.98469000000023
2025-11-08 17:10:00+00:00,2025-11-08 18:15:00+00:00,3992.3651849999997,3983.877065,3985.87,4005.355554999999,-2.039372043772215,0.9879839384003627,9888.313893013574,sl,6.495184999999765,12.99036999999953
2025-11-08 21:05:00+00:00,2025-11-10 00:05:00+00:00,3991.6148099999996,4005.520667784999,3983.66,4007.524429999999,0.7318754897643744,0.9905538186097316,9889.045768503338,tp,7.954809999999725,15.90961999999945
2025-11-10 08:10:00+00:00,2025-11-10 09:15:00+00:00,4080.049005,4066.3058300000002,4068.34,4103.467014999999,-2.652744637675381,0.9872390712839424,9886.393023865663,sl,11.709004999999706,23.418009999999413
2025-11-10 11:35:00+00:00,2025-11-10 12:50:00+00:00,4080.249105,4094.0192813424997,4072.34,4096.067314999999,0.6779407819997268,0.9903075507192852,9887.070964647663,tp,7.909104999999727,15.818209999999453
2025-11-10 17:10:00+00:00,2025-11-12 15:10:00+00:00,4096.057005,4139.920019492499,4073.09,4141.991014999999,4.299830877309077,0.9940009282703458,9891.370795524972,tp,22.967004999999517,45.934009999999034
2025-11-12 16:35:00+00:00,2025-11-14 12:00:00+00:00,4186.11201,4115.66114,4117.72,4322.896029999999,-9.30423735274473,0.9808136558556082,9882.066558172228,sl,68.39200999999957,136.78401999999915
2025-11-15 09:15:00+00:00,2025-11-15 15:10:00+00:00,4081.189575,4096.979210637501,4072.27,4099.028725,0.9215085534887859,0.990118282653365,9882.988066725717,tp,8.919574999999895,17.839150000000245
2025-11-15 17:50:00+00:00,2025-11-15 19:45:00+00:00,4101.029489999999,4085.2563500000006,4087.3,4128.488469999997,-2.8869667999181376,0.9863982381107644,9880.101099925798,sl,13.729489999998805,27.45897999999761
2025-11-15 20:50:00+00:00,2025-11-15 21:40:00+00:00,4094.936445,4087.6251650000004,4089.67,4105.469335,-1.8691464884631634,0.9871280915957124,9878.231953437335,sl,5.266444999999749,10.532889999999952
2025-11-16 09:30:00+00:00,2025-11-16 11:10:00+00:00,4107.492719999999,4095.7111200000004,4097.76,4126.958159999997,-2.4031025899840697,0.9864064992530025,9875.82885084735,sl,9.732719999999063,19.465439999998125
2025-11-16 12:45:00+00:00,2025-11-16 15:50:00+00:00,4106.31213,4091.863045,4093.91,4131.116390000001,-2.723373897893548,0.9858453565433849,9873.105476949457,sl,12.402130000000398,24.804260000000795
2025-11-16 18:00:00+00:00,2025-11-16 23:00:00+00:00,4105.4517,4087.9649950000003,4090.01,4136.335099999998,-3.087876422412017,0.9852078791516855,9870.017600527044,sl,15.4416999999994,30.8833999999988
2025-11-17 13:05:00+00:00,2025-11-17 13:25:00+00:00,4075.31664,4059.839065,4061.87,4102.20992,-2.859386009020078,0.9851275015452295,9867.158214518024,sl,13.446640000000116,26.89328000000023
2025-11-18 08:35:00+00:00,2025-11-19 09:55:00+00:00,4030.9044449999997,4098.363128332499,3996.15,4100.413334999999,7.261555564741527,0.99497234936591,9874.419770082764,tp,34.75444499999958,69.50888999999961
2025-11-19 11:50:00+00:00,2025-11-19 13:10:00+00:00,4111.464704999999,4097.95,4100.0,4134.394114999998,-2.608718455515631,0.9858190776303912,9871.811051627248,sl,11.464704999999412,22.929409999998825
2025-11-19 15:00:00+00:00,2025-11-19 15:45:00+00:00,4123.08051,4094.741605,4096.79,4175.661529999999,-4.376352849161011,0.9837885408544181,9867.434698778086,sl,26.290509999999813,52.581019999999626
2025-11-20 13:40:00+00:00,2025-11-20 16:55:00+00:00,4087.6027799999997,4044.386795,4046.41,4169.98834,-6.197676404767103,0.9815273207938354,9861.23702237332,sl,41.19277999999986,82.38556000000017
2025-11-21 09:15:00+00:00,2025-11-24 18:50:00+00:00,4050.6843299999996,4119.152383504998,4015.42,4121.212989999998,7.339685832879643,0.9944578459161278,9868.5767082062,tp,35.26432999999952,70.52865999999858
2025-11-24 21:45:00+00:00,2025-11-25 08:50:00+00:00,4142.430179999999,4111.903020000001,4113.96,4199.370539999998,-4.619488124999185,0.9832214040997207,9863.9572200812,sl,28.470179999999345,56.94035999999869
2025-11-25 13:25:00+00:00,2025-11-28 14:40:00+00:00,4138.50822,4200.46337767,4106.48,4202.56466,6.389594240329693,0.9937790953437934,9870.34681432153,tp,32.02822000000015,64.0564400000003
2025-11-28 16:00:00+00:00,2025-11-29 14:00:00+00:00,4209.62376,4251.084674360001,4187.83,4253.211280000001,3.8687955979004736,0.9918953724024561,9874.21560991943,tp,21.793760000000475,43.58752000000095
2025-11-30 09:50:00+00:00,2025-11-30 11:30:00+00:00,4249.673775,4240.948465,4243.07,4262.881325000001,-2.000080898721706,0.9864078879812026,9872.215529020708,sl,6.603775000000496,13.207550000000992
2025-11-30 12:45:00+00:00,2025-11-30 13:05:00+00:00,4251.6847800000005,4240.19884,4242.32,4270.414340000002,-2.319379149474546,0.9858880618144108,9869.896149871234,sl,9.364780000000792,18.729560000001584
2025-11-30 15:40:00+00:00,2025-11-30 23:00:00+00:00,4250.073974999999,4238.329775,4240.45,4269.321924999998,-2.349296730229116,0.9856259442010954,9867.546853141004,sl,9.623974999999518,19.247949999999037
2025-12-01 11:45:00+00:00,2025-12-01 14:35:00+00:00,4276.137,4254.021925,4256.15,4316.111,-3.535823122369569,0.9842030652569879,9864.011030018635,sl,19.98700000000008,39.97400000000016
2025-12-01 18:25:00+00:00,2025-12-01 19:50:00+00:00,4255.74681,4241.468205,4243.59,4280.060429999999,-2.6395007724352197,0.9847463485780065,9861.3715292462,sl,12.156809999999496,24.31361999999899
2025-12-01 20:40:00+00:00,2025-12-02 00:05:00+00:00,4260.098985,4240.248815,4242.37,4295.556954999999,-3.281320340873544,0.9838396722560027,9858.090208905327,sl,17.72898499999974,35.45796999999948
2025-12-02 12:45:00+00:00,2025-12-02 15:35:00+00:00,4213.055474999999,4183.557175,4185.65,4267.866424999998,-4.433498082081162,0.9823578806891409,9853.656710823247,sl,27.40547499999957,54.81094999999914
2025-12-02 20:30:00+00:00,2025-12-02 23:55:00+00:00,4199.798849999999,4214.168411724997,4191.56,4216.276549999997,0.6986570719925016,0.9870513795338511,9854.35536789524,tp,8.23884999999882,16.47769999999764
2025-12-03 10:30:00+00:00,2025-12-03 11:00:00+00:00,4209.62376,4200.048925,4202.15,4224.571280000002,-2.105006764840148,0.9843148448695536,9852.2503611304,sl,7.473760000000766,14.947520000001532
2025-12-03 11:30:00+00:00,2025-12-03 13:40:00+00:00,4211.66478,4228.998782830001,4201.94,4231.114340000001,1.0401991799385197,0.9872524877807594,9853.290560310339,tp,9.724780000000464,19.44956000000093
2025-12-04 16:20:00+00:00,2025-12-08 15:00:00+00:00,4222.260074999999,4197.989955,4200.09,4266.600224999997,-3.8143992637597464,0.9824971539211954,9849.47616104658,sl,22.170074999999088,44.340149999998175
2025-12-09 09:10:00+00:00,2025-12-11 15:40:00+00:00,4209.883889999999,4254.7232441649985,4186.4,4256.851669999998,4.255131650962265,0.9901929406963167,9853.731292697541,tp,23.48388999999952,46.96777999999904
2025-12-11 21:25:00+00:00,2025-12-12 08:50:00+00:00,4288.4931750000005,4314.061415237502,4274.63,4316.219525000001,1.9491147676189775,0.988310554591965,9855.680407465159,tp,13.86317500000041,27.72635000000082
2025-12-12 13:35:00+00:00,2025-12-12 15:20:00+00:00,4355.226525,4331.15334,4333.32,4399.039575000001,-3.7066705915723457,0.9828442143693128,9851.973736873586,sl,21.90652500000033,43.81305000000066
2025-12-12 21:40:00+00:00,2025-12-15 05:35:00+00:00,4316.437139999999,4346.117274289997,4300.51,4348.291419999997,2.398559717565102,0.9885845179228465,9854.372296591151,tp,15.927139999998872,31.854279999997743
2025-12-15 12:20:00+00:00,2025-12-15 13:10:00+00:00,4362.730275,4346.495665,4348.67,4390.8508249999995,-2.8171102768649385,0.9836037231053555,9851.555186314286,sl,14.06027499999982,28.12054999999964
2025-12-15 18:35:00+00:00,2025-12-16 03:10:00+00:00,4321.809824999999,4297.85,4300.0,4365.429474999998,-3.7132428969750713,0.9824247004348884,9847.841943417312,sl,21.809824999999364,43.61964999999873
2025-12-16 12:10:00+00:00,2025-12-16 14:00:00+00:00,4299.648749999999,4322.683826874998,4287.05,4324.846249999998,1.6505351491655023,0.9874221516425391,9849.492478566477,tp,12.5987499999992,25.1974999999984
2025-12-16 18:50:00+00:00,2025-12-16 19:25:00+00:00,4327.7628,4311.30327,4313.46,4356.368400000001,-2.856076506943079,0.9830762475973019,9846.636402059534,sl,14.302800000000389,28.605600000000777
2025-12-17 13:10:00+00:00,2025-12-18 14:40:00+00:00,4339.898864999999,4325.546145,4327.71,4364.2765949999975,-2.6112532635719474,0.9830354223647463,9844.025148795961,sl,12.188864999999169,24.377729999998337
2025-12-19 14:40:00+00:00,2025-12-19 14:45:00+00:00,4347.802815,4336.040895,4338.21,4366.988445,-2.3146014287170362,0.9830709844353146,9841.710547367244,sl,9.592814999999973,19.185629999999946
2025-12-19 18:15:00+00:00,2025-12-19 20:05:00+00:00,4368.373094999999,4352.032895,4354.21,4396.699284999997,-2.823010133652346,0.9823303749780501,9838.887537233592,sl,14.163094999998975,28.32618999999795
2025-12-20 15:00:00+00:00,2025-12-22 00:00:00+00:00,4357.07745,4368.546983824999,4350.25,4370.732349999999,0.3098064725946539,0.9851837439398938,9839.197343706186,tp,6.8274499999997715,13.654899999999543
2025-12-22 09:55:00+00:00,2025-12-22 11:50:00+00:00,4432.09494,4422.7875,4425.0,4446.28482,-2.016006844690687,0.9828866141400682,9837.181336861495,sl,7.094939999999951,14.189879999999903
2025-12-22 13:30:00+00:00,2025-12-22 21:00:00+00:00,4437.377579999999,4459.921663629999,4424.99,4462.152739999999,1.5126715075908272,0.9862170222159562,9838.694008369086,tp,12.387579999999616,24.775159999999232
2025-12-23 08:20:00+00:00,2025-12-23 14:05:00+00:00,4524.14094,4484.006875,4486.25,4599.922820000001,-5.343502790840783,0.9795054034495173,9833.350505578246,sl,37.89094000000023,75.78188000000046
2025-12-23 21:00:00+00:00,2025-12-24 14:35:00+00:00,4517.117429999999,4490.363695,4492.61,4566.132289999999,-3.892444441751596,0.9804230291452182,9829.458061136495,sl,24.50742999999966,49.01485999999932
2025-12-25 07:15:00+00:00,2025-12-25 07:50:00+00:00,4499.738745,4489.464145,4491.71,4515.796234999999,-2.104041515917525,0.981823588185918,9827.354019620578,sl,8.028744999999617,16.057489999999234
2025-12-25 08:00:00+00:00,2025-12-25 08:35:00+00:00,4499.558655,4489.464145,4491.71,4515.255964999999,-2.0839891992767026,0.9816330458085896,9825.270030421301,sl,7.848654999999781,15.697309999999561
2025-12-25 09:20:00+00:00,2025-12-25 23:00:00+00:00,4499.558655,4514.8174270174995,4490.8,4517.075964999999,0.6817654902087067,0.9841929614938327,9825.95179591151,tp,8.758654999999635,17.51730999999927
2025-12-26 08:05:00+00:00,2025-12-26 14:00:00+00:00,4533.1654499999995,4549.000711825,4524.11,4551.276349999999,0.7318902562836912,0.9843113812286636,9826.683686167793,tp,9.055449999999837,18.110899999999674
2025-12-26 15:35:00+00:00,2025-12-29 00:20:00+00:00,4564.511114999999,4533.831950000001,4536.1,4621.333344999997,-4.281739924941887,0.9793659946865242,9822.401946242851,sl,28.411114999998972,56.822229999997944
2025-12-30 12:15:00+00:00,2025-12-30 14:40:00+00:00,4415.936865,4382.8075,4385.0,4477.810594999999,-4.6630506234497195,0.9785556997005359,9817.7388956194,sl,30.93686499999967,61.87372999999934
2025-12-31 09:45:00+00:00,2025-12-31 10:40:00+00:00,4353.79581,4321.368235,4323.53,4414.327429999999,-4.634300475365976,0.9781177067933675,9813.104595144036,sl,30.265809999999874,60.53161999999975
2025-12-31 13:25:00+00:00,2026-01-02 03:40:00+00:00,4341.7698,4379.9183453,4321.6,4382.109399999999,3.325473717715637,0.9856215547869062,9816.430068861751,tp,20.169799999999668,40.339599999999336
2026-01-02 08:00:00+00:00,2026-01-02 14:30:00+00:00,4398.628215,4376.800505,4378.99,4437.904645,-3.414855228137883,0.9792073590170542,9813.015213633613,sl,19.638214999999946,39.27642999999989
2026-01-02 20:25:00+00:00,2026-01-03 09:15:00+00:00,4342.159995,4371.6130850075,4326.34,4373.799985,2.343479198880254,0.9846296301924341,9815.358692832493,tp,15.819994999999835,31.63998999999967
2026-01-03 17:05:00+00:00,2026-01-03 23:50:00+00:00,4368.1329749999995,4351.32325,4353.5,4397.398924999999,-2.8682514050260983,0.9796472651433665,9812.490441427466,sl,14.632974999999533,29.265949999999066
2026-01-04 07:50:00+00:00,2026-01-04 11:35:00+00:00,4357.21752,4346.885470000001,4349.06,4373.53256,-2.1434788187475755,0.9800856509749741,9810.346962608719,sl,8.15751999999975,16.3150399999995
2026-01-04 14:25:00+00:00,2026-01-04 17:05:00+00:00,4353.005415,4361.394456877499,4347.72,4363.576244999998,-0.03666288584103661,0.9819800133884193,9810.310299722878,tp,5.285414999999375,10.57082999999875
2026-01-04 18:55:00+00:00,2026-01-04 20:05:00+00:00,4366.091955,4376.9063170675,4359.59,4379.095864999999,0.232710645884747,0.9822459866047772,9810.543010368763,tp,6.501954999999725,13.00390999999945
2026-01-04 21:35:00+00:00,2026-01-05 06:30:00+00:00,4382.540175,4426.2263047375,4359.59,4428.440525,3.9037391406062003,0.9859439841616442,9814.446749509369,tp,22.950174999999945,45.90034999999989
2026-01-05 09:25:00+00:00,2026-01-05 11:25:00+00:00,4448.032905,4425.975905,4428.19,4487.718715000001,-3.412415615598375,0.9790112706059444,9811.034333893771,sl,19.842905000000428,39.685810000000856
2026-01-06 11:10:00+00:00,2026-01-06 14:50:00+00:00,4464.8913299999995,4492.406663004998,4450.01,4494.653989999998,2.0389468098462604,0.9841265067059295,9813.073280703617,tp,14.881329999999252,29.762659999998505
2026-01-06 17:35:00+00:00,2026-01-07 02:00:00+00:00,4509.95385,4471.992885,4474.23,4581.4015500000005,-5.1070836663346215,0.977177421825853,9807.966197037282,sl,35.72385000000031,71.44770000000062
2026-01-07 16:25:00+00:00,2026-01-08 05:30:00+00:00,4471.984875,4436.930425,4439.15,4537.654625000001,-4.821027047530065,0.9769525452013996,9803.145169989752,sl,32.834875000000466,65.66975000000093
2026-01-08 07:10:00+00:00,2026-01-08 12:00:00+00:00,4450.914344999999,4427.785,4430.0,4492.743034999998,-3.5248881578005125,0.9777673962374122,9799.62028183195,sl,20.91434499999923,41.82868999999846
2026-01-08 14:35:00+00:00,2026-01-08 16:35:00+00:00,4445.28153,4468.789077705002,4432.41,4471.024590000001,1.6085655450613863,0.9825531468751317,9801.228847377011,tp,12.871530000000348,25.743060000000696
2026-01-08 18:00:00+00:00,2026-01-08 18:05:00+00:00,4474.135949999999,4462.617575,4464.85,4492.707849999996,-2.2404928908789876,0.9788612530999222,9798.988354486133,sl,9.285949999998593,18.571899999997186
2026-01-08 20:25:00+00:00,2026-01-09 15:40:00+00:00,4476.026895,4515.8016546575,4455.01,4518.0606849999995,3.3695238044665228,0.984252611864945,9802.357878290599,tp,21.01689499999975,42.0337899999995
2026-01-09 20:15:00+00:00,2026-01-11 23:25:00+00:00,4511.43459,4536.834218114999,4497.6,4539.103769999999,1.7763958728103628,0.9829951788807512,9804.134274163409,tp,13.83458999999948,27.66917999999896
2026-01-12 07:15:00+00:00,2026-01-12 13:45:00+00:00,4591.0944,4615.3543684,4577.81,4617.663199999999,1.6073153251538288,0.9830037464879828,9805.741589488563,tp,13.28439999999955,26.5687999999991
2026-01-13 08:10:00+00:00,2026-01-13 14:45:00+00:00,4605.251474999999,4634.7358977874965,4589.35,4637.054424999997,2.155275378330297,0.9837131474746612,9807.896864866894,tp,15.901474999998754,31.80294999999751
2026-01-14 13:00:00+00:00,2026-01-14 13:30:00+00:00,4649.233455,4632.132775,4634.45,4678.800364999999,-2.7827424780069054,0.9789859299386211,9805.114122388888,sl,14.783454999999776,29.566909999999552
2026-01-15 11:40:00+00:00,2026-01-15 13:30:00+00:00,4631.3144999999995,4605.945875,4608.25,4677.4434999999985,-3.6632650990142794,0.9778259731129876,9801.450857289874,sl,23.064499999999498,46.128999999998996
2026-01-15 16:15:00+00:00,2026-01-15 16:35:00+00:00,4631.094389999999,4614.97136,4617.28,4658.723169999998,-2.6846132290504223,0.9784389114113483,9798.766244060824,sl,13.814389999999548,27.628779999999097
2026-01-15 22:00:00+00:00,2026-01-16 00:00:00+00:00,4632.224955,4613.692,4616.0,4664.674864999999,-2.9380985968409083,0.9779164422514932,9795.828145463984,sl,16.22495499999968,32.44990999999936
2026-01-16 11:35:00+00:00,2026-01-16 13:10:00+00:00,4622.9002949999995,4607.695000000001,4610.0,4648.700884999998,-2.5889567872588075,0.9779718295887282,9793.239188676725,sl,12.90029499999946,25.80058999999892
2026-01-16 14:35:00+00:00,2026-01-16 15:25:00+00:00,4620.06888,4596.24073,4598.54,4663.1266399999995,-3.5022453693514093,0.9767984719702915,9789.736943307375,sl,21.528879999999845,43.05775999999969
2026-01-16 21:20:00+00:00,2026-01-18 23:00:00+00:00,4610.173935,4639.081104097499,4594.56,4641.401804999999,2.0871859738833556,0.9820429232278487,9791.824129281258,tp,15.613934999999401,31.227869999998802
2026-01-19 21:35:00+00:00,2026-01-20 00:10:00+00:00,4693.715684999999,4681.01832,4683.36,4714.427054999998,-2.3022923215366724,0.9778579785851742,9789.521836959722,sl,10.35568499999954,20.71136999999908
2026-01-20 08:50:00+00:00,2026-01-20 22:15:00+00:00,4748.623125,4792.0521503125,4725.71,4794.449375,3.493125627942752,0.983428738061977,9793.014962587666,tp,22.913125000000036,45.82625000000007
2026-01-21 08:20:00+00:00,2026-01-21 15:15:00+00:00,4895.66661,4856.9703,4859.4,4968.199830000001,-4.845726841796199,0.9754312006175881,9788.169235745869,sl,36.26661000000058,72.53322000000117
2026-01-22 07:05:00+00:00,2026-01-22 22:45:00+00:00,4849.9737749999995,4965.617274337499,4790.91,4968.101324999999,10.679042034505887,0.9904864520611538,9798.848277780375,tp,59.06377499999962,118.12754999999925
2026-01-23 12:05:00+00:00,2026-01-23 16:15:00+00:00,4953.725625,4996.937156562501,4930.87,4999.436875,3.2896271558396415,0.9841586135474246,9802.137904936215,tp,22.855625000000146,45.71125000000029
2026-01-24 07:40:00+00:00,2026-01-24 08:10:00+00:00,5027.452469999999,5014.55147,5017.06,5048.237409999997,-2.2366247111766775,0.9789561219043491,9799.901280225038,sl,10.392469999998866,20.784939999997732
2026-01-24 09:05:00+00:00,2026-01-24 16:20:00+00:00,5030.75412,5061.730228819999,5014.0,5064.262359999999,2.0340634158328683,0.9830071986369736,9801.935343640871,tp,16.754119999999602,33.508239999999205
2026-01-24 20:15:00+00:00,2026-01-24 22:25:00+00:00,5106.521985,5076.1806400000005,5078.72,5162.125955,-3.889282136155061,0.9772815337616938,9798.046061504716,sl,27.80198500000006,55.60397000000012
2026-01-25 14:20:00+00:00,2026-01-25 15:50:00+00:00,5071.884675,5048.3745499999995,5050.9,5113.8540250000015,-3.2484182391495167,0.977533721632955,9794.797643265567,sl,20.984675000000607,41.969350000001214
2026-01-25 16:15:00+00:00,2026-01-25 17:35:00+00:00,5073.075269999999,5114.867097094999,5050.9,5117.425809999999,3.0509468042144325,0.9835142253561273,9797.848590069781,tp,22.175269999999728,44.350539999999455
2026-01-25 22:00:00+00:00,2026-01-25 22:40:00+00:00,5117.027235,5095.221115,5097.77,5155.541704999998,-3.0653650135826904,0.9776971911845801,9794.783225056199,sl,19.257234999999127,38.514469999998255
2026-01-26 16:05:00+00:00,2026-01-26 18:45:00+00:00,5125.66155,5080.458500000001,5083.0,5210.984649999999,-5.294153779232831,0.9751593280544415,9789.489071276967,sl,42.66154999999981,85.32309999999961
2026-01-27 16:00:00+00:00,2026-01-27 20:45:00+00:00,5103.550499999999,5177.0017042499985,5065.53,5179.591499999999,6.058609666224536,0.9859935103042254,9795.547680943191,tp,38.02049999999963,76.04099999999926
2026-01-28 07:10:00+00:00,2026-01-28 11:00:00+00:00,5295.0462,5270.473445,5273.11,5338.9186,-3.2501949153075955,0.9772818550340456,9792.297486027883,sl,21.9362000000001,43.8724000000002
2026-01-28 17:00:00+00:00,2026-01-28 21:55:00+00:00,5323.14024,5442.698009639999,5262.0,5445.420719999999,10.006527239773947,0.9902265023449073,9802.304013267656,tp,61.14023999999972,122.28047999999944
2026-01-29 11:50:00+00:00,2026-01-29 15:00:00+00:00,5563.290255,5501.12806,5503.88,5682.110764999999,-6.451124178992008,0.9747540311789525,9795.852889088665,sl,59.41025499999978,118.82050999999956
2026-01-29 20:50:00+00:00,2026-01-30 02:05:00+00:00,5410.82406,5321.338000000001,5324.0,5584.47218,-9.071843301681604,0.9714849305377226,9786.781045786984,sl,86.82405999999992,173.64811999999984
2026-01-31 08:15:00+00:00,2026-01-31 14:30:00+00:00,4973.98575,4912.9123150000005,4915.37,5091.21725,-6.981053802207485,0.972669720496988,9779.799991984777,sl,58.615749999999935,117.23149999999987
2026-02-01 17:15:00+00:00,2026-02-01 23:00:00+00:00,4831.664624999999,4803.49705,4805.9,4883.193874999999,-3.8258367718471633,0.9751292917183491,9775.97415521293,sl,25.764624999999796,51.52924999999959
2026-02-02 09:30:00+00:00,2026-02-03 06:15:00+00:00,4713.65565,4878.566446525,4629.98,4881.00695,16.106292887955153,0.9946984068160644,9792.080448100885,tp,83.67565000000013,167.35130000000026
2026-02-03 12:05:00+00:00,2026-02-03 18:30:00+00:00,4960.929225,4903.796875,4906.25,5070.287675,-6.612075371411248,0.9735695389776551,9785.468372729474,sl,54.67922499999986,109.35844999999972
2026-02-03 20:35:00+00:00,2026-02-04 16:45:00+00:00,4980.959235,4898.459545,4900.91,5141.057705000001,-9.074284737321596,0.970442995531157,9776.394087992152,sl,80.04923500000041,160.09847000000082
2026-02-05 07:30:00+00:00,2026-02-05 09:00:00+00:00,4951.874699999999,4912.122710000001,4914.58,5026.464099999998,-4.897796040608679,0.9737153280866933,9771.496291951544,sl,37.294699999999466,74.58939999999893
2026-02-05 14:40:00+00:00,2026-02-05 15:45:00+00:00,4874.45601,4815.301145,4817.71,4987.94803,-6.900410719968553,0.9712204389140998,9764.595881231575,sl,56.74600999999984,113.49201999999968
2026-02-06 08:25:00+00:00,2026-02-06 15:05:00+00:00,4872.1348499999995,4956.605007724999,4828.66,4959.084549999999,7.479711706625655,0.9849242240538371,9772.075592938201,tp,43.474849999999606,86.94969999999921
2026-02-06 17:05:00+00:00,2026-02-07 00:35:00+00:00,4959.53853,4924.686425,4927.15,5024.31559,-4.407333418487275,0.9737739998752082,9767.668259519714,sl,32.38853000000017,64.77706000000035
2026-02-07 12:20:00+00:00,2026-02-07 20:00:00+00:00,4959.988755,4984.832601867502,4946.32,4987.3262650000015,1.4670269003260263,0.9792130659182158,9769.13528642004,tp,13.668755000000601,27.337510000001203
2026-02-08 18:45:00+00:00,2026-02-08 20:30:00+00:00,5009.56353,5022.378144705002,5001.9,5024.890590000002,0.27132412961777186,0.9781630157874092,9769.406610549657,tp,7.663530000000719,15.327060000001438
2026-02-09 14:35:00+00:00,2026-02-09 23:10:00+00:00,5048.342909999999,5005.945775,5008.45,5128.1287299999985,-5.075123604083509,0.972838375826709,9764.331486945573,sl,39.892909999999574,79.78581999999915
2026-02-10 08:40:00+00:00,2026-02-10 15:35:00+00:00,5049.833655,5020.4885,5023.0,5103.500965000001,-3.810677845561135,0.9735960669159123,9760.520809100013,sl,26.833655000000363,53.667310000000725
2026-02-10 20:45:00+00:00,2026-02-10 21:45:00+00:00,5042.499989999999,5022.60744,5025.12,5077.259969999998,-2.899378674440022,0.974126829064626,9757.621430425574,sl,17.379989999999452,34.759979999998905
2026-02-11 09:40:00+00:00,2026-02-11 10:40:00+00:00,5066.902185,5092.8388617225,5052.66,5095.386555,1.5191270724758776,0.9782595296446781,9759.140557498049,tp,14.242185000000063,28.484370000000126
2026-02-12 08:05:00+00:00,2026-02-12 14:55:00+00:00,5080.288874999999,5056.4705,5059.0,5122.866624999998,-3.2613591192129623,0.9736263229535455,9755.879198378836,sl,21.28887499999928,42.57774999999856
2026-02-13 08:10:00+00:00,2026-02-13 11:05:00+00:00,4994.546025,4950.093715,4952.57,5078.4980749999995,-5.312695766215528,0.9712464705422102,9750.56650261262,sl,41.976024999999936,83.95204999999987
2026-02-13 13:35:00+00:00,2026-02-17 00:55:00+00:00,5005.401449999999,4943.527,4946.0,5124.204349999998,-6.995628972167985,0.9690300513404345,9743.570873640452,sl,59.401449999999386,118.80289999999877
2026-02-17 12:25:00+00:00,2026-02-17 13:55:00+00:00,4951.484505,4914.7414,4917.2,5020.053515000001,-4.5859107363381755,0.9707419185462532,9738.984962904115,sl,34.284505000000536,68.56901000000107
2026-02-18 12:20:00+00:00,2026-02-18 14:30:00+00:00,4936.38696,4979.84970956,4913.41,4982.34088,3.3091913908412702,0.9781858735548075,9742.294154294956,tp,22.976959999999963,45.953919999999925
2026-02-19 13:40:00+00:00,2026-02-19 14:10:00+00:00,5005.891695,4982.657425,4985.15,5047.3750850000015,-3.232855365461257,0.9719685285926268,9739.061298929495,sl,20.741695000000618,41.483390000001236
2026-02-20 17:10:00+00:00,2026-02-23 20:25:00+00:00,5085.80163,5240.5832875549995,5007.1,5243.204889999999,13.831238981785114,0.9887260949697043,9752.89253791128,tp,78.70162999999957,157.40325999999914
2026-02-24 18:00:00+00:00,2026-02-24 23:00:00+00:00,5183.55048,5147.025200000001,5149.6,5251.451439999999,-4.40798374571737,0.9718531231685794,9748.484554165563,sl,33.950479999999516,67.90095999999903
2026-02-25 13:10:00+00:00,2026-02-25 20:55:00+00:00,5209.173285,5172.712350000001,5175.3,5276.919854999999,-4.3830996633263,0.9714367925457759,9744.101454502237,sl,33.87328499999967,67.74656999999934
2026-02-26 15:50:00+00:00,2026-02-27 13:25:00+00:00,5196.206805,5274.861664792499,5155.56,5277.500414999999,6.39302673213239,0.9817849571394957,9750.49448123437,tp,40.646804999999404,81.29360999999881
2026-02-27 16:05:00+00:00,2026-02-28 06:00:00+00:00,5262.599985,5316.860195022499,5234.14,5319.519954999999,4.046563594888645,0.9800760878061318,9754.541044829259,tp,28.459984999999506,56.91996999999901
2026-02-28 16:40:00+00:00,2026-02-28 20:20:00+00:00,5440.608945,5377.909700000001,5380.6,5560.626834999999,-6.590549424235432,0.9698333884471375,9747.950495405023,sl,60.008944999999585,120.01788999999917
2026-03-01 09:05:00+00:00,2026-03-01 20:40:00+00:00,5377.4373749999995,5434.6134589375,5347.49,5437.332124999999,4.202320435771216,0.9799773473235972,9752.152815840795,tp,29.947374999999738,59.894749999999476
2026-03-01 21:35:00+00:00,2026-03-01 23:00:00+00:00,5443.070175,5399.328985,5402.03,5525.150525,-4.889772551254941,0.9712968058386633,9747.26304328954,sl,41.04017500000009,82.08035000000018
2026-03-02 13:05:00+00:00,2026-03-02 14:00:00+00:00,5431.984635,5407.384955,5410.09,5475.773904999999,-3.179627351411921,0.9725191961737157,9744.083415938128,sl,21.894634999999653,43.789269999999306
2026-03-03 18:55:00+00:00,2026-03-05 15:05:00+00:00,5154.53598,5081.018220000001,5083.56,5296.487939999998,-7.916321499089274,0.967459479574298,9736.167094439039,sl,70.97597999999925,141.9519599999985
2026-03-05 20:20:00+00:00,2026-03-06 15:25:00+00:00,5108.422935,5178.018500597499,5072.33,5180.608804999999,5.6518768161186825,0.9802488350951178,9741.818971255158,tp,36.09293499999967,72.18586999999934
2026-03-06 18:40:00+00:00,2026-03-08 22:05:00+00:00,5169.00321,5143.347040000001,5145.92,5215.169629999999,-3.3894234410759676,0.9717642379223621,9738.429547814081,sl,23.08320999999978,46.16641999999956
2026-03-09 09:15:00+00:00,2026-03-09 10:50:00+00:00,5124.430934999999,5097.450000000001,5100.0,5173.292804999998,-3.5349974129691315,0.9712792366050442,9734.894550401112,sl,24.43093499999941,48.86186999999882
2026-03-09 14:45:00+00:00,2026-03-10 13:20:00+00:00,5122.82013,5222.207979805001,5071.82,5224.820390000001,8.460403231773231,0.9829327910629474,9743.354953632885,tp,51.000130000000354,102.00026000000071
2026-03-10 15:10:00+00:00,2026-03-10 18:15:00+00:00,5221.6095,5190.66337,5193.26,5278.308499999998,-3.858672306668593,0.971448271327948,9739.496281326215,sl,28.349499999999352,56.698999999998705
2026-03-11 12:20:00+00:00,2026-03-11 12:35:00+00:00,5199.6385199999995,5175.930740000001,5178.52,5241.875559999998,-3.1920935666591412,0.9717292638297922,9736.304187759557,sl,21.11851999999908,42.23703999999816
2026-03-11 19:35:00+00:00,2026-03-11 22:05:00+00:00,5180.84913,5167.824795,5170.41,5201.727389999999,-2.1962299901696887,0.9724065953811671,9734.107957769387,sl,10.43912999999975,20.8782599999995
2026-03-13 12:50:00+00:00,2026-03-13 14:15:00+00:00,5121.059249999999,5078.2596,5080.8,5201.577749999998,-5.037021241614687,0.9693431176529772,9729.070936527773,sl,40.259249999999156,80.51849999999831
2026-03-14 15:15:00+00:00,2026-03-14 16:15:00+00:00,5033.33541,5023.556965,5026.07,5047.86623,-1.9170131597820026,0.9719620425355309,9727.15392336799,sl,7.265409999999974,14.530819999999949
2026-03-15 21:40:00+00:00,2026-03-15 23:20:00+00:00,5001.489495,4984.776365000001,4987.27,5029.928484999999,-2.596317891407929,0.9710901646100012,9724.557605476582,sl,14.21949499999937,28.43898999999874
2026-03-16 12:30:00+00:00,2026-03-16 14:45:00+00:00,5017.657574999999,4983.916795,4986.41,5080.152724999998,-4.238781129561511,0.9691861655836805,9720.318824347021,sl,31.247574999999415,62.49514999999883
2026-03-16 18:30:00+00:00,2026-03-17 15:40:00+00:00,5000.849175,4975.640935,4978.13,5046.287525000001,-3.4194871955701585,0.9695819772163484,9716.899337151452,sl,22.719175000000178,45.438350000000355
2026-03-17 17:25:00+00:00,2026-03-17 17:40:00+00:00,5002.129815,4989.414045,4991.91,5022.569445000001,-2.205507365413326,0.9704548812309629,9714.693829786038,sl,10.21981500000038,20.43963000000076
2026-03-18 16:40:00+00:00,2026-03-18 18:55:00+00:00,4874.69613,4850.5735,4853.0,4918.088390000001,-3.372743376383305,0.9690657053075281,9711.321086409655,sl,21.696130000000267,43.39226000000053
2026-03-19 19:05:00+00:00,2026-03-20 03:15:00+00:00,4646.071875,4724.9519671875,4605.45,4727.315624999999,7.264468773618818,0.9793759533679525,9718.585555183274,tp,40.62187499999982,81.24374999999964
2026-03-20 08:25:00+00:00,2026-03-20 10:00:00+00:00,4735.1664,4658.88939,4661.22,4883.0592,-8.791682405119364,0.9640309040172254,9709.793872778155,sl,73.94639999999981,147.89279999999962
2026-03-21 12:55:00+00:00,2026-03-21 13:55:00+00:00,4512.174959999999,4504.256745000001,4506.51,4523.504879999998,-1.822091677201497,0.9701274230236376,9707.971781100954,sl,5.664959999999155,11.32991999999831
2026-03-21 15:10:00+00:00,2026-03-21 23:50:00+00:00,4512.505125,4503.157295,4505.41,4526.695374999999,-1.9753137257192415,0.9697916560404168,9705.996467375235,sl,7.095124999999825,14.19024999999965
2026-03-22 15:50:00+00:00,2026-03-22 22:00:00+00:00,4480.57917,4467.635065,4469.87,4501.99751,-2.371197618605597,0.9691976467656834,9703.625269756629,sl,10.709170000000086,21.41834000000017
2026-03-23 09:20:00+00:00,2026-03-31 16:40:00+00:00,4307.352599999999,4637.617831099998,4141.06,4639.937799999997,36.19359372984127,1.007563684389894,9739.818863486471,tp,166.29259999999886,332.5851999999977
2026-04-01 07:40:00+00:00,2026-04-02 01:30:00+00:00,4733.20542,4674.3516549999995,4676.69,4846.2362600000015,-7.023283941822007,0.967926528935761,9732.795579544649,sl,56.51542000000063,113.03084000000126
2026-04-02 13:50:00+00:00,2026-04-07 22:30:00+00:00,4627.95282,4734.210170770001,4573.64,4736.578460000001,10.188749669414806,0.9844527603842639,9742.984329214063,tp,54.3128200000001,108.6256400000002
2026-04-09 07:10:00+00:00,2026-04-09 13:35:00+00:00,4715.306474999999,4752.841815287497,4695.35,4755.2194249999975,2.8996865128884797,0.978176295730025,9745.884015726951,tp,19.956474999999045,39.91294999999809
2026-04-09 15:20:00+00:00,2026-04-10 00:05:00+00:00,4773.635625,4735.2312,4737.6,4845.706874999999,-4.891003646074532,0.9706680659926132,9740.993012080877,sl,36.03562499999953,72.07124999999905
2026-04-10 09:20:00+00:00,2026-04-12 02:00:00+00:00,4745.271449999999,4713.88188,4716.24,4803.334349999998,-4.192669826190333,0.9708775088907882,9736.800342254686,sl,29.031449999999495,58.06289999999899
2026-04-12 17:25:00+00:00,2026-04-12 20:00:00+00:00,4696.096875,4687.97484,4690.32,4707.650625000001,-1.8148418824320167,0.9728380303734101,9734.985500372255,sl,5.776875000000473,11.553750000000946
2026-04-13 07:05:00+00:00,2026-04-13 09:25:00+00:00,4719.758699999999,4695.750950000001,4698.1,4763.0760999999975,-3.4469447354153497,0.9710226279297399,9731.53855563684,sl,21.658699999999044,43.31739999999809
2026-04-13 10:45:00+00:00,2026-04-13 11:40:00+00:00,4704.65115,4691.47309,4693.82,4726.31345,-2.3347272442676488,0.9717909192386551,9729.203828392572,sl,10.83114999999998,21.66229999999996
2026-04-13 12:50:00+00:00,2026-04-13 15:05:00+00:00,4707.19242,4685.106275,4687.45,4746.677260000001,-3.2531089403525613,0.9706379118107156,9725.95071945222,sl,19.742420000000493,39.484840000000986
2026-04-14 14:30:00+00:00,2026-04-16 21:10:00+00:00,4795.7566799999995,4746.395615,4748.77,4889.730039999998,-5.972882142014213,0.9675897795827906,9719.977837310205,sl,46.98667999999907,93.97335999999814
2026-04-17 11:50:00+00:00,2026-04-17 13:05:00+00:00,4792.264934999999,4837.354917597498,4768.51,4839.774804999997,3.5961486338757434,0.9765705028677643,9723.573985944082,tp,23.754934999999023,47.509869999998045
2026-04-18 14:10:00+00:00,2026-04-18 18:35:00+00:00,4794.556079999999,4782.917345000001,4785.31,4813.048239999997,-2.151370939034719,0.9711772048602338,9721.422615005047,sl,9.246079999998983,18.492159999997966
2026-04-19 13:05:00+00:00,2026-04-19 20:00:00+00:00,4789.883744999999,4771.85288,4774.24,4821.171234999998,-2.8000610841974467,0.9703125129292366,9718.62255392085,sl,15.643744999999399,31.287489999998797
2026-04-20 10:10:00+00:00,2026-04-21 05:50:00+00:00,4786.2619349999995,4769.224195,4771.61,4815.565804999999,-2.6999099794204318,0.9701324778905551,9715.922643941429,sl,14.651934999999867,29.303869999999733
2026-04-21 07:50:00+00:00,2026-04-21 12:30:00+00:00,4779.398505,4758.89936,4761.28,4815.635515000001,-3.053119247043705,0.9695086538009001,9712.869524694384,sl,18.11850500000037,36.23701000000074
2026-04-22 17:05:00+00:00,2026-04-23 00:00:00+00:00,4724.70117,4707.645,4710.0,4754.103510000001,-2.722706603071426,0.9695337796460131,9710.146818091313,sl,14.701170000000275,29.40234000000055
2026-04-23 07:50:00+00:00,2026-04-23 08:45:00+00:00,4709.543594999999,4689.33416,4691.68,4745.270784999997,-3.0523240531443103,0.9689312890450319,9707.094494038169,sl,17.863594999998895,35.72718999999779
2026-04-23 12:05:00+00:00,2026-04-23 17:40:00+00:00,4720.53909,4670.893384999999,4673.23,4815.1572700000015,-6.070059597021099,0.9656049948015976,9701.024434441148,sl,47.30909000000065,94.6181800000013
2026-04-24 07:50:00+00:00,2026-04-27 15:00:00+00:00,4683.08037,4658.199735,4660.53,4728.1811099999995,-3.5445434243846967,0.9675254254451752,9697.479891016763,sl,22.55036999999993,45.10073999999986
2026-04-27 17:30:00+00:00,2026-04-28 04:00:00+00:00,4672.314989999999,4656.630520000001,4658.96,4699.024969999997,-2.595791320073817,0.9681203180997022,9694.884099696688,sl,13.354989999998907,26.709979999997813
2026-04-28 15:50:00+00:00,2026-04-29 08:35:00+00:00,4580.939324999999,4553.3721749999995,4555.65,4631.517974999999,-3.88366217371782,0.9665713191150662,9691.000437522971,sl,25.289324999999735,50.57864999999947
2026-04-29 16:00:00+00:00,2026-04-30 09:30:00+00:00,4545.481605,4617.854732592499,4508.14,4620.164814999999,6.738187148675493,0.9768150459469196,9697.738624671647,tp,37.34160499999962,74.68320999999924
2026-04-30 10:25:00+00:00,2026-05-04 10:00:00+00:00,4629.523604999999,4551.9229000000005,4554.2,4780.170814999999,-9.089386882844664,0.9616461217060259,9688.649237788803,sl,75.32360499999959,150.64720999999918
2026-05-04 12:20:00+00:00,2026-05-04 15:10:00+00:00,4571.36454,4546.5156050000005,4548.79,4616.513619999999,-3.5995002672080543,0.9662316551668392,9685.049737521595,sl,22.574539999999615,45.14907999999923
2026-05-05 07:05:00+00:00,2026-05-06 00:20:00+00:00,4549.81377,4588.405959345,4529.37,4590.7013099999995,3.134888317583518,0.9726124745442873,9688.184625839178,tp,20.44376999999986,40.88753999999972
2026-05-06 07:25:00+00:00,2026-05-06 10:40:00+00:00,4656.2469599999995,4700.289559559998,4633.05,4702.640879999998,3.6085390827215633,0.9734004020687081,9691.793164921899,tp,23.196959999999308,46.393919999998616
2026-05-07 12:00:00+00:00,2026-05-07 15:55:00+00:00,4735.62663,4717.390125,4719.75,4767.379889999999,-2.833427745179563,0.9673132019489594,9688.95973717672,sl,15.87662999999975,31.7532599999995
2026-05-07 20:05:00+00:00,2026-05-07 20:50:00+00:00,4713.385514999999,4689.424115000001,4691.77,4756.616544999996,-3.429217520389668,0.966433189386669,9685.53051965633,sl,21.615514999998595,43.23102999999719
2026-05-08 10:25:00+00:00,2026-05-08 12:10:00+00:00,4716.85725,4697.96984,4700.32,4749.931750000001,-2.90577143403849,0.9666138944260204,9682.624748222292,sl,16.537250000000313,33.074500000000626
2026-05-08 13:35:00+00:00,2026-05-10 22:00:00+00:00,4732.58511,4692.6525,4695.0,4807.75533,-5.0491803705519525,0.9641774719236009,9677.57556785174,sl,37.585109999999986,75.17021999999997
2026-05-11 11:35:00+00:00,2026-05-11 13:00:00+00:00,4671.344505,4696.983848242499,4657.35,4699.333514999999,1.6854245708904698,0.9704133947508155,9679.26099242263,tp,13.994504999999663,27.989009999999325
2026-05-11 19:50:00+00:00,2026-05-11 23:45:00+00:00,4723.84074,4745.76814889,4711.69,4748.14222,1.276316288365684,0.9701725881187475,9680.537308710997,tp,12.150740000000042,24.301480000000083
2026-05-13 10:10:00+00:00,2026-05-13 12:20:00+00:00,4706.181915,4679.878890000001,4682.22,4754.105745,-3.670592561965205,0.9653484867959305,9676.866716149032,sl,23.961914999999863,47.923829999999725
2026-05-13 15:35:00+00:00,2026-05-14 04:00:00+00:00,4692.344999999999,4663.74696,4666.08,4744.874999999998,-3.913577073979451,0.9647378323732971,9672.953139075053,sl,26.264999999999418,52.529999999998836
2026-05-14 07:30:00+00:00,2026-05-14 13:30:00+00:00,4699.3885199999995,4677.81992,4680.16,4737.845559999999,-3.1848543019689446,0.965075535140677,9669.768284773083,sl,19.228519999999662,38.457039999999324
2026-05-15 10:55:00+00:00,2026-05-15 13:35:00+00:00,4573.715715,4533.732,4536.0,4649.147145000001,-5.189436749723138,0.9627501418694546,9664.57884802336,sl,37.71571500000027,75.43143000000055
2026-05-16 15:05:00+00:00,2026-05-17 06:05:00+00:00,4535.776755,4524.366685,4526.63,4554.070264999999,-2.1808391650742367,0.9652422879251872,9662.398008858287,sl,9.146754999999757,18.293509999999515
2026-05-17 10:35:00+00:00,2026-05-18 00:05:00+00:00,4538.8082699999995,4523.737,4526.0,4564.424809999999,-2.5688519401921828,0.9646355845301665,9659.829156918095,sl,12.808269999999538,25.616539999999077
2026-05-18 07:30:00+00:00,2026-05-19 10:40:00+00:00,4549.603665,4525.945895,4528.21,4592.390994999999,-3.475009011454226,0.9634713780584138,9656.35414790664,sl,21.3936649999996,42.7873299999992
2026-05-20 12:35:00+00:00,2026-05-20 13:25:00+00:00,4507.31253,4491.892930000001,4494.14,4533.65759,-2.6157120437196446,0.9639836864333778,9653.73843586292,sl,13.172529999999824,26.34505999999965
2026-05-20 14:35:00+00:00,2026-05-21 13:25:00+00:00,4526.131934999999,4493.362195,4495.61,4587.175804999999,-4.456590544858399,0.9618791321736073,9649.281845318063,sl,30.521934999999758,61.043869999999515
2026-05-21 13:55:00+00:00,2026-05-21 14:15:00+00:00,4518.788264999999,4499.5491,4501.8,4552.764794999997,-3.0170101869623402,0.9628740483932372,9646.2648351311,sl,16.988264999999046,33.97652999999809
2026-05-21 17:15:00+00:00,2026-05-22 14:10:00+00:00,4527.032385,4494.7515,4497.0,4587.097155000001,-4.400415642955911,0.9611872551252796,9641.864419488144,sl,30.03238500000043,60.06477000000086
2026-05-23 17:15:00+00:00,2026-05-23 20:30:00+00:00,4512.255,4519.743997500001,4507.38,4522.005,-0.16485561252585312,0.9649865729091976,9641.699563875618,tp,4.875,9.75
2026-05-24 07:55:00+00:00,2026-05-24 09:25:00+00:00,4545.17145,4537.41016,4539.68,4556.154349999999,-1.7865503132572562,0.9633467528271318,9639.91301356236,sl,5.491449999999531,10.982899999999063
2026-05-24 16:05:00+00:00,2026-05-24 18:25:00+00:00,4526.262,4516.950395,4519.21,4540.365999999999,-1.9545802150606844,0.9629997208620373,9637.9584333473,sl,7.05199999999968,14.10399999999936
2026-05-25 07:55:00+00:00,2026-05-26 00:00:00+00:00,4560.148934999999,4544.60656,4546.88,4586.686804999998,-2.6046081235292795,0.9621533885998005,9635.35382522377,sl,13.268934999999146,26.537869999998293
2026-05-26 08:00:00+00:00,2026-05-26 08:25:00+00:00,4536.317025,4518.2097650000005,4520.47,4568.011075,-2.8846465624493773,0.9616123483082358,9632.46917866132,sl,15.84702500000003,31.69405000000006
2026-05-26 10:15:00+00:00,2026-05-26 11:35:00+00:00,4528.873304999999,4509.8739350000005,4512.13,4562.359914999997,-2.9817162233684913,0.9612264280708345,9629.487462437952,sl,16.743304999999054,33.48660999999811
2026-05-26 16:35:00+00:00,2026-05-26 17:25:00+00:00,4511.524635,4500.44865,4502.7,4529.173905,-2.1438067848584317,0.961766706165102,9627.343655653094,sl,8.824634999999944,17.649269999999888
2026-05-27 12:25:00+00:00,2026-05-27 13:05:00+00:00,4458.978375,4429.034375,4431.25,4514.435124999999,-4.1920940195740215,0.9595017733190545,9623.15156163352,sl,27.728374999999687,55.456749999999374
2026-05-27 20:20:00+00:00,2026-05-27 23:20:00+00:00,4464.25101,4449.783995000001,4452.01,4488.733029999999,-2.520012734098481,0.9607558993285823,9620.631548899422,sl,12.241009999999733,24.482019999999466
2026-05-28 10:10:00+00:00,2026-05-28 10:45:00+00:00,4406.6222099999995,4390.233785,4392.43,4435.006629999998,-2.7492521183065777,0.9602741769485844,9617.882296781116,sl,14.19220999999925,28.3844199999985
2026-05-28 12:35:00+00:00,2026-05-28 12:55:00+00:00,4398.248025,4420.6926229625,4385.92,4422.9040749999995,1.4897973866252574,0.964242269334071,9619.37209416774,tp,12.328024999999798,24.656049999999595
2026-05-28 14:15:00+00:00,2026-05-29 14:50:00+00:00,4465.15146,4555.15566281,4419.01,4557.43438,8.723267656528092,0.9716321091824847,9628.095361824267,tp,46.141459999999825,92.28291999999965
2026-05-30 09:35:00+00:00,2026-05-30 13:35:00+00:00,4536.6271799999995,4525.586075,4527.85,4554.181539999998,-2.133266164139988,0.961637907926213,9625.962095660127,sl,8.777179999999134,17.55435999999827
2026-05-31 07:50:00+00:00,2026-05-31 14:15:00+00:00,4537.297514999999,4528.384675,4530.65,4550.592544999999,-1.9070886641749718,0.9616507716735113,9624.055006995952,sl,6.6475149999996574,13.295029999999315
2026-05-31 17:35:00+00:00,2026-05-31 20:00:00+00:00,4535.706719999999,4528.244745000001,4530.51,4546.100159999997,-1.7532706054318508,0.9616138439381015,9622.30173639052,sl,5.196719999999004,10.393439999998009
2026-06-01 09:20:00+00:00,2026-06-01 13:10:00+00:00,4503.75075,4485.266245000001,4487.51,4536.23225,-2.9348706563884153,0.960255558541205,9619.366865734131,sl,16.240749999999935,32.48149999999987
2026-06-01 15:15:00+00:00,2026-06-02 04:45:00+00:00,4468.31304,4506.02498044,4448.33,4508.27912,3.0933099140627447,0.9659959924799559,9622.460175648193,tp,19.983040000000074,39.96608000000015
2026-06-02 07:15:00+00:00,2026-06-02 12:50:00+00:00,4536.016874999999,4508.90442,4511.16,4585.730624999998,-3.835114849022236,0.9593702729887861,9618.625060799171,sl,24.85687499999949,49.71374999999898
2026-06-03 10:10:00+00:00,2026-06-03 13:40:00+00:00,4460.40909,4435.231275,4437.45,4506.327270000001,-3.673875927844671,0.9591477779300025,9614.951184871326,sl,22.959090000000288,45.918180000000575
2026-06-03 17:05:00+00:00,2026-06-03 20:40:00+00:00,4442.710244999999,4428.854465,4431.07,4465.9907349999985,-2.4593356070690993,0.9599957786587223,9612.491849264257,sl,11.640244999999595,23.28048999999919
2026-06-05 11:55:00+00:00,2026-06-05 12:30:00+00:00,4466.081925,4450.71353,4452.94,4492.365775000002,-2.6134898466570524,0.9595952903701388,9609.8783594176,sl,13.14192500000081,26.28385000000162
2026-06-07 17:15:00+00:00,2026-06-07 19:00:00+00:00,4312.595219999999,4301.118365,4303.27,4331.245659999997,-2.238419216554444,0.9597091258510567,9607.639940201047,sl,9.325219999998808,18.650439999997616
2026-06-08 07:25:00+00:00,2026-06-08 08:00:00+00:00,4309.603725,4286.3257650000005,4288.47,4351.871174999999,-3.5529119758415026,0.9581692512955587,9604.087028225205,sl,21.133724999999686,42.26744999999937
2026-06-08 10:35:00+00:00,2026-06-09 15:30:00+00:00,4299.148499999999,4265.975945,4268.11,4361.225499999999,-4.661996506353975,0.9567034097258925,9599.42503171885,sl,31.038499999999658,62.076999999999316
2026-06-11 07:25:00+00:00,2026-06-11 09:30:00+00:00,4113.2555999999995,4079.5292150000005,4081.57,4176.626799999998,-4.891501612870533,0.9560070085675821,9594.53353010598,sl,31.68559999999934,63.37119999999868
2026-06-11 13:50:00+00:00,2026-06-11 14:10:00+00:00,4091.6447999999996,4059.02947,4061.06,4152.814399999999,-4.7796279244101925,0.9556293544406287,9589.75390218157,sl,30.584799999999632,61.16959999999972
2026-06-11 17:35:00+00:00,2026-06-14 22:05:00+00:00,4150.5542399999995,4300.731278639999,4074.39,4302.882719999999,16.372694048146908,0.9763244086749788,9606.126596229717,tp,76.16423999999961,152.32847999999922
2026-06-15 07:55:00+00:00,2026-06-15 13:35:00+00:00,4317.747795,4355.764413307502,4297.65,4357.943385000001,3.2641275648599937,0.9648416288166484,9609.390723794577,tp,20.097795000000588,40.195590000001175
2026-06-16 10:55:00+00:00,2026-06-16 11:35:00+00:00,4342.7703,4328.75454,4330.92,4366.4709,-2.5100450798604697,0.9593884157153125,9606.880678714717,sl,11.850300000000061,23.700600000000122
2026-06-17 17:35:00+00:00,2026-06-17 18:00:00+00:00,4371.90486,4346.2357950000005,4348.41,4418.894579999999,-3.7781446781300803,0.9578677909843258,9603.102534036587,sl,23.49485999999979,46.98971999999958
2026-06-18 12:15:00+00:00,2026-06-18 14:00:00+00:00,4252.094985,4233.692095,4235.81,4284.664954999998,-3.036323552445685,0.9582321620132264,9600.066210484141,sl,16.284984999999324,32.56996999999865
2026-06-19 12:55:00+00:00,2026-06-21 22:00:00+00:00,4172.04498,4138.359785000001,4140.43,4235.274939999998,-4.831689737594629,0.9561310623731927,9595.234520746546,sl,31.614979999999377,63.229959999998755
2026-06-22 20:40:00+00:00,2026-06-22 21:45:00+00:00,4191.044475,4178.339785,4180.43,4212.2734249999985,-2.41241397029465,0.9580691072115715,9592.822106776252,sl,10.614474999999402,21.228949999998804
2026-06-23 10:05:00+00:00,2026-06-23 23:35:00+00:00,4130.72433,4088.364795,4090.41,4211.35299,-5.87296203855641,0.9543636122513203,9586.949144737695,sl,40.314330000000155,80.62866000000031
2026-06-24 16:40:00+00:00,2026-06-24 17:20:00+00:00,4019.598795,3993.1924050000002,3995.19,4068.4163849999995,-4.104575563341868,0.9555458847952228,9582.844569174353,sl,24.408794999999827,48.817589999999655
2026-06-24 21:30:00+00:00,2026-06-25 02:05:00+00:00,4009.94397,3972.13294,3974.12,4081.5919099999996,-5.4717500935320125,0.9537664732972007,9577.372819080822,sl,35.82396999999992,71.64793999999983
2026-06-25 08:05:00+00:00,2026-06-25 11:35:00+00:00,3994.91646,3974.5617250000005,3976.55,4031.6493799999994,-3.3952092890556242,0.9552973699890155,9573.977609791766,sl,18.366459999999734,36.73291999999947
2026-06-25 12:35:00+00:00,2026-06-25 16:15:00+00:00,3997.8479249999996,4039.0432431124996,3976.24,4041.063774999999,3.970361593249972,0.9623304530254521,9577.947971385016,tp,21.607924999999796,43.21584999999959
2026-06-26 09:20:00+00:00,2026-06-26 14:15:00+00:00,4046.0119949999994,4087.2113570074985,4024.39,4089.2559849999984,3.913801492040575,0.9626712699004427,9581.861772877057,tp,21.621994999999515,43.24398999999903
2026-06-27 21:25:00+00:00,2026-06-27 22:15:00+00:00,4079.9289449999997,4072.4027800000003,4074.44,4090.906834999999,-1.8410760389535294,0.9573024036524046,9580.020696838103,sl,5.488944999999603,10.977889999999206
2026-06-28 09:35:00+00:00,2026-06-28 14:35:00+00:00,4079.4286949999996,4072.2328650000004,4074.27,4089.746084999999,-1.8020818328011066,0.9571571449960053,9578.218615005302,sl,5.158694999999625,10.31738999999925
2026-06-29 07:30:00+00:00,2026-06-29 08:40:00+00:00,4064.141055,4049.6641550000004,4051.69,4089.043165,-2.6620472842879224,0.9561159301463888,9575.556567721014,sl,12.451054999999997,24.902109999999993
2026-06-29 17:10:00+00:00,2026-06-29 18:45:00+00:00,4030.9144499999998,4014.73163,4016.74,4059.2633499999997,-2.877771909772799,0.9556335183807095,9572.678795811242,sl,14.174449999999979,28.348899999999958
2026-06-30 14:10:00+00:00,2026-06-30 20:25:00+00:00,4044.0209999999997,4009.924035,4011.93,4108.2029999999995,-4.988810922547005,0.9532323009595368,9567.689984888695,sl,32.090999999999894,64.18199999999979
2026-07-01 09:50:00+00:00,2026-07-01 11:10:00+00:00,3986.4222149999996,4011.839721677499,3972.71,4013.8466449999987,2.0903698161220103,0.9598191874924841,9569.780354704817,tp,13.71221499999956,27.42442999999912
2026-07-01 13:25:00+00:00,2026-07-01 13:45:00+00:00,4044.38118,4095.4347982299996,4017.83,4097.483539999999,5.077113697461543,0.9630181673352785,9574.857468402279,tp,26.55117999999993,53.10235999999941
2026-07-02 08:25:00+00:00,2026-07-02 11:05:00+00:00,4074.89643,4056.820575,4058.85,4106.9892899999995,-3.079020176971232,0.9553620887520088,9571.778448225308,sl,16.046429999999873,32.092859999999746
2026-07-02 11:45:00+00:00,2026-07-02 12:30:00+00:00,4070.804385,4095.4843884224993,4057.44,4097.533154999999,1.941454354336118,0.9600793785554225,9573.719902579644,tp,13.364384999999857,26.72876999999926
2026-07-02 21:40:00+00:00,2026-07-03 00:25:00+00:00,4123.76085,4134.954038724999,4117.13,4137.022549999999,0.34063360597085734,0.9586712951590944,9574.060536185614,tp,6.630849999999555,13.26169999999911
2026-07-03 07:50:00+00:00,2026-07-03 13:05:00+00:00,4176.137025,4161.1184,4163.2,4202.011075,-2.677242290258181,0.9556844958241274,9571.383293895356,sl,12.937025000000176,25.874050000000352
2026-07-04 15:10:00+00:00,2026-07-04 17:05:00+00:00,4170.894405,4163.0774200000005,4165.16,4182.363215,-1.853163654178212,0.9562414071424999,9569.530130241179,sl,5.734405000000152,11.468810000000303
2026-07-04 17:50:00+00:00,2026-07-04 18:35:00+00:00,4173.475695,4163.0774200000005,4165.16,4190.107085000001,-2.147892011760929,0.9557608818942512,9567.382238229418,sl,8.315695000000233,16.631390000000465
2026-07-04 21:30:00+00:00,2026-07-05 22:05:00+00:00,4169.34363,4179.320184555,4163.31,4181.41089,0.18677583737455827,0.9578828825428594,9567.569014066792,tp,6.033629999999903,12.067259999999806
2026-07-06 07:45:00+00:00,2026-07-06 09:15:00+00:00,4160.9494349999995,4140.718605,4142.79,4197.268304999999,-3.2803408020917333,0.9544309915961838,9564.2886732647,sl,18.159434999999576,36.31886999999915
2026-07-06 21:00:00+00:00,2026-07-06 23:55:00+00:00,4162.890405,4153.372275,4155.45,4177.771215000001,-2.048736134141424,0.9553354666589876,9562.239937130558,sl,7.440405000000283,14.880810000000565
2026-07-07 11:20:00+00:00,2026-07-07 19:00:00+00:00,4139.778855,4116.06094,4118.12,4183.096564999999,-3.6927179657373475,0.9534847605078264,9558.54721916482,sl,21.658854999999676,43.31770999999935
2026-07-08 11:45:00+00:00,2026-07-08 14:40:00+00:00,4065.4817249999996,4036.9904950000005,4039.01,4118.4251749999985,-4.3018595858270485,0.9525053676983534,9554.245359578994,sl,26.471724999999424,52.94344999999885
2026-07-09 08:25:00+00:00,2026-07-09 10:30:00+00:00,4112.445195,4095.11142,4097.16,4143.015585000001,-2.9669471262106706,0.9534109998315206,9551.278412452783,sl,15.285195000000385,30.57039000000077
2026-07-09 12:10:00+00:00,2026-07-10 09:00:00+00:00,4112.885415,4086.7356100000006,4088.78,4161.096244999999,-3.988452122640983,0.9520914806032407,9547.289960330141,sl,24.10541499999954,48.21082999999908
2026-07-10 10:25:00+00:00,2026-07-10 13:25:00+00:00,4106.802375,4086.125915,4088.17,4144.0671250000005,-3.355705921714711,0.9523256157270265,9543.934254408427,sl,18.63237500000014,37.26475000000028
2026-07-10 20:55:00+00:00,2026-07-12 22:00:00+00:00,4116.016979999999,4092.4527500000004,4094.5,4159.050939999998,-3.6836164522840633,0.9516614704590178,9540.250637956142,sl,21.51697999999942,43.03395999999884
2026-07-13 18:50:00+00:00,2026-07-14 00:05:00+00:00,4005.2716349999996,3986.395805,3988.39,4039.034904999999,-3.1998161791620934,0.9517770246410932,9537.05082177698,sl,16.881634999999733,33.763269999999466
2026-07-14 12:35:00+00:00,2026-07-16 12:15:00+00:00,4092.4752149999995,4010.8435750000003,4012.85,4251.725644999999,-10.455858832492465,0.9441934167619676,9526.594962944488,sl,79.62521499999957,159.25042999999914
2026-07-16 21:45:00+00:00,2026-07-17 02:35:00+00:00,3986.7623849999995,3971.0334900000003,3973.02,4014.2471549999987,-2.8300346018564055,0.9507802419345269,9523.76492834263,sl,13.742384999999558,27.484769999999116
2026-07-17 09:25:00+00:00,2026-07-17 12:05:00+00:00,4001.43972,3985.1364350000003,3987.13,4030.0591599999993,-2.8905961849938393,0.9504363329822516,9520.874332157637,sl,14.309719999999743,28.619439999999486
2026-07-17 15:05:00+00:00,2026-07-19 23:00:00+00:00,4010.634315,3988.614695,3990.61,4050.682944999999,-3.563100709141907,0.9494738063129348,9517.311231448495,sl,20.02431499999966,40.04862999999932
2026-07-20 08:25:00+00:00,2026-07-20 13:55:00+00:00,4027.9929899999997,4002.2078950000005,4004.21,4075.558969999999,-3.994926209157302,0.9486848818175098,9513.316305239337,sl,23.7829899999997,47.5659799999994
2026-07-20 19:55:00+00:00,2026-07-20 22:40:00+00:00,4009.4337149999997,4000.988505,4002.99,4022.3211449999994,-1.952241207104561,0.950329719035865,9511.364064032234,sl,6.443714999999884,12.887429999999767
2026-07-21 10:20:00+00:00,2026-07-21 11:00:00+00:00,4065.8619149999995,4055.4512600000003,4057.48,4082.6257449999985,-2.1676129172659895,0.9499187121981555,9509.196451114967,sl,8.38191499999948,16.76382999999896
2026-07-21 14:15:00+00:00,2026-07-22 01:10:00+00:00,4063.57077,4107.677443844999,4040.49,4109.732309999999,4.2046397272549525,0.9560803652039557,9513.401090842222,tp,23.08077000000003,46.161539999999604
2026-07-22 12:05:00+00:00,2026-07-22 12:55:00+00:00,4119.868905,4106.135905,4108.19,4143.226715000002,-2.5353333459194776,0.9497545302685715,9510.865757496304,sl,11.678905000000668,23.357810000001336
2026-07-22 13:35:00+00:00,2026-07-23 07:10:00+00:00,4136.477204999999,4099.219365000001,4101.27,4206.891614999997,-5.230089490496825,0.9468032895486822,9505.635668005807,sl,35.207204999998794,70.41440999999759
2026-07-24 07:10:00+00:00,2026-07-27 00:00:00+00:00,4044.34116,4089.45772826,4020.76,4091.5034799999994,4.346131022755305,0.9558655633867228,9509.981799028563,tp,23.581159999999727,47.162319999999454
2026-07-27 09:50:00+00:00,2026-07-27 12:10:00+00:00,4093.9559549999994,4080.0689450000004,4082.11,4117.647864999998,-2.5623143320642363,0.9493852508216138,9507.419484696498,sl,11.845954999999321,23.691909999998643
2026-07-28 13:05:00+00:00,2026-07-28 13:35:00+00:00,4030.724355,4018.3898000000004,4020.4,4051.3730649999993,-2.4039859368385024,0.949287249782594,9505.01549875966,sl,10.324354999999741,20.648709999999483
2026-07-28 15:15:00+00:00,2026-07-29 01:05:00+00:00,4033.245615,4007.1754100000003,4009.18,4081.376845,-4.019368766362809,0.9474296107203235,9500.996129993297,sl,24.06561499999998,48.13122999999996
2026-07-29 07:15:00+00:00,2026-07-29 12:15:00+00:00,4043.690835,4015.381305,4017.39,4096.292504999999,-4.272556462460191,0.9467738303672368,9496.723573530837,sl,26.300835000000006,52.60166999999956
2026-07-29 15:25:00+00:00,2026-07-29 17:05:00+00:00,4011.654825,4035.5656827625003,3998.69,4037.584475,1.877686197478487,0.9525025460966589,9498.601259728315,tp,12.964825000000019,25.929650000000038
2026-07-29 18:05:00+00:00,2026-07-30 05:35:00+00:00,4066.0019849999994,4031.90304,4033.92,4130.165954999999,-4.928810343461072,0.9458771928221928,9493.672449384854,sl,32.08198499999935,64.16396999999915
2026-07-30 08:10:00+00:00,2026-07-30 12:30:00+00:00,4052.1250499999996,4079.2744924249987,4037.53,4081.3151499999985,2.227856587934188,0.9525476491755952,9495.90030597279,tp,14.595049999999446,29.190099999998893
2026-07-30 13:40:00+00:00,2026-07-31 07:35:00+00:00,4090.8143849999997,4063.68714,4065.72,4141.003154999999,-4.094929714367851,0.9464415424253365,9491.805376258422,sl,25.094384999999875,50.18876999999975
2026-07-31 17:30:00+00:00,2026-08-01 18:00:00+00:00,4052.48523,4039.8490650000003,4041.87,4073.7156899999995,-2.4275335983154784,0.9477007047322592,9489.377842660107,sl,10.615229999999883,21.230459999999766
2026-08-02 14:50:00+00:00,2026-08-02 22:00:00+00:00,4063.920945,4077.8828735824995,4055.92,4079.9228349999994,0.6795083334997457,0.9505678604599704,9490.057350993608,tp,8.000944999999774,16.00188999999955
2026-08-03 11:50:00+00:00,2026-08-03 12:40:00+00:00,4061.399685,4043.9869950000007,4046.01,4092.179054999999,-2.9813368538270937,0.9469713696151488,9487.07601413978,sl,15.389684999999645,30.77936999999929
2026-08-04 08:05:00+00:00,2026-08-04 08:55:00+00:00,4067.45271,4051.0734500000003,4053.1,4096.15813,-2.856976786806437,0.9467974220492208,9484.219037352974,sl,14.352710000000116,28.705419999999776
2026-08-04 11:35:00+00:00,2026-08-04 17:05:00+00:00,4061.94996,4094.3216950600004,4044.74,4096.36988,2.827025951637529,0.9522011308177527,9487.046063304611,tp,17.209960000000137,34.419920000000275
2026-08-04 21:45:00+00:00,2026-08-04 23:00:00+00:00,4081.5097349999996,4068.1149250000003,4070.15,4104.229204999999,-2.503890193799452,0.9471478640006623,9484.542173110813,sl,11.359734999999546,22.71946999999909
2026-08-05 11:00:00+00:00,2026-08-05 12:00:00+00:00,4156.51722,4181.9196541699985,4142.77,4184.011659999998,1.9468727473975989,0.9513524425009798,9486.48904585821,tp,13.747219999999288,27.494439999998576
2026-08-05 14:10:00+00:00,2026-08-07 09:45:00+00:00,4222.460175,4312.3832547375005,4176.42,4314.540525,9.14263936421036,0.9587502942442758,9495.63168522242,tp,46.04017500000009,92.08035000000018
2026-08-07 12:35:00+00:00,2026-08-07 16:45:00+00:00,4353.145485,4330.703565,4304.12,4451.196455,-3.394773271839057,0.9471155107611643,9492.236911950582,eod,49.02548500000012,98.05097000000023
