entry_time,exit_time,direction,leg,pnl,exit_hit
2025-08-10 08:51:00+00:00,2025-08-10 08:51:00+00:00,long,full,0.9311596450011468,init_sl
2025-08-10 08:53:00+00:00,2025-08-10 08:53:00+00:00,long,full,0.9607916546224731,init_sl
2025-08-10 08:55:00+00:00,2025-08-10 08:55:00+00:00,long,full,0.9904322748381391,init_sl
2025-08-10 08:57:00+00:00,2025-08-10 08:57:00+00:00,long,full,0.9905303518915423,init_sl
2025-08-10 08:59:00+00:00,2025-08-10 08:59:00+00:00,long,full,0.9610742696028547,init_sl
2025-08-10 09:01:00+00:00,2025-08-10 09:01:00+00:00,long,full,0.9907236085488087,init_sl
2025-08-10 15:57:00+00:00,2025-08-10 15:57:00+00:00,long,remainder,-2.2668997634034964,ema21_close
2025-08-11 18:05:00+00:00,2025-08-11 18:05:00+00:00,long,remainder,-20.549836777830826,runner_resistance
2025-08-11 18:07:00+00:00,2025-08-11 18:07:00+00:00,long,remainder,-20.018347518672797,runner_resistance
2025-08-11 18:10:00+00:00,2025-08-11 18:11:00+00:00,long,full,-5.708094341029633,init_sl
2025-08-11 20:18:00+00:00,2025-08-11 20:18:00+00:00,short,remainder,-4.295109640200988,runner_support
2025-08-12 15:56:00+00:00,2025-08-12 15:57:00+00:00,long,remainder,-2.9414609087443635,ema21_close
2025-08-15 16:44:00+00:00,2025-08-15 16:45:00+00:00,short,remainder,-2.1245262483293836,ema21_close
2025-08-15 16:51:00+00:00,2025-08-15 16:58:00+00:00,short,remainder,-2.094184080931772,ema21_close
2025-08-16 07:29:00+00:00,2025-08-16 07:40:00+00:00,long,remainder,-2.1084735186209915,ema21_close
2025-08-17 09:46:00+00:00,2025-08-17 09:51:00+00:00,short,remainder,-2.0783577019306185,ema21_close
2025-08-17 09:55:00+00:00,2025-08-17 09:55:00+00:00,short,remainder,-2.0181926640342236,ema21_close
2025-08-17 09:57:00+00:00,2025-08-17 10:13:00+00:00,short,partial,-0.5099088709822499,partial_tp
2025-08-17 09:57:00+00:00,2025-08-17 10:13:00+00:00,short,remainder,-0.9279334214158261,runner_support
2025-08-17 11:45:00+00:00,2025-08-17 11:45:00+00:00,long,remainder,-2.7486147964163576,runner_resistance
2025-08-17 11:51:00+00:00,2025-08-17 11:51:00+00:00,long,remainder,-2.7478546088644302,runner_resistance
2025-08-17 12:34:00+00:00,2025-08-17 12:35:00+00:00,short,remainder,-1.7775667379600961,runner_support
2025-08-17 12:50:00+00:00,2025-08-17 12:51:00+00:00,short,remainder,-2.060802008241124,ema21_close
2025-08-17 13:58:00+00:00,2025-08-17 13:58:00+00:00,long,remainder,-2.7009400836192943,runner_resistance
2025-08-17 14:00:00+00:00,2025-08-17 14:00:00+00:00,long,remainder,-2.700205348136132,runner_resistance
2025-08-17 14:02:00+00:00,2025-08-17 14:02:00+00:00,long,remainder,-2.6101344109070053,runner_resistance
2025-08-17 19:10:00+00:00,2025-08-17 19:10:00+00:00,long,remainder,-2.028862273072835,ema21_close
2025-08-17 20:19:00+00:00,2025-08-17 20:19:00+00:00,short,remainder,-2.0135690668725106,ema21_close
2025-08-17 21:50:00+00:00,2025-08-17 21:57:00+00:00,long,remainder,-1.834493288718715,runner_resistance
2025-08-18 21:49:00+00:00,2025-08-18 21:49:00+00:00,long,remainder,-7.808123792875289,runner_resistance
2025-08-18 21:51:00+00:00,2025-08-18 21:51:00+00:00,long,partial,-0.511428393025539,partial_tp
2025-08-18 21:51:00+00:00,2025-08-18 21:51:00+00:00,long,remainder,-7.742650603310548,runner_resistance
2025-08-18 21:55:00+00:00,2025-08-18 21:55:00+00:00,long,remainder,-3.196120216115226,ema21_close
2025-08-18 21:58:00+00:00,2025-08-18 21:58:00+00:00,long,remainder,-7.896651660630008,runner_resistance
2025-08-18 22:00:00+00:00,2025-08-18 22:00:00+00:00,long,full,-5.111043861932492,init_sl
2025-08-20 09:29:00+00:00,2025-08-20 09:29:00+00:00,long,remainder,-2.601469438914849,runner_resistance
2025-08-20 09:35:00+00:00,2025-08-20 09:35:00+00:00,long,remainder,-2.585911095765639,runner_resistance
2025-08-20 09:37:00+00:00,2025-08-20 09:37:00+00:00,long,remainder,-2.5852342867221583,runner_resistance
2025-08-20 09:39:00+00:00,2025-08-20 09:39:00+00:00,long,remainder,-2.584557654819524,runner_resistance
2025-08-20 09:41:00+00:00,2025-08-20 09:41:00+00:00,long,remainder,-2.5690192402046144,runner_resistance
2025-08-20 09:45:00+00:00,2025-08-20 09:45:00+00:00,long,remainder,-2.5683507196957978,runner_resistance
2025-08-20 09:48:00+00:00,2025-08-20 09:48:00+00:00,long,remainder,-2.567682373152075,runner_resistance
2025-08-20 09:50:00+00:00,2025-08-20 09:50:00+00:00,long,remainder,-2.552163750565487,runner_resistance
2025-08-20 20:18:00+00:00,2025-08-20 20:28:00+00:00,long,remainder,-1.0124599197914868,runner_resistance
2025-08-20 21:10:00+00:00,2025-08-20 21:12:00+00:00,long,remainder,-1.8984145577934268,runner_resistance
2025-08-20 21:34:00+00:00,2025-08-20 21:34:00+00:00,long,remainder,-2.134152442484656,runner_resistance
2025-08-20 21:38:00+00:00,2025-08-20 21:38:00+00:00,long,remainder,-2.0009140435410604,ema21_close
2025-08-21 08:25:00+00:00,2025-08-21 08:25:00+00:00,long,remainder,-2.3993764372630944,runner_resistance
2025-08-21 08:27:00+00:00,2025-08-21 08:27:00+00:00,long,remainder,-2.384025737382814,runner_resistance
2025-08-21 08:29:00+00:00,2025-08-21 08:29:00+00:00,long,remainder,-2.383448878609892,runner_resistance
2025-08-21 08:31:00+00:00,2025-08-21 08:31:00+00:00,long,remainder,-2.3828721594185347,runner_resistance
2025-08-21 08:42:00+00:00,2025-08-21 08:42:00+00:00,long,remainder,-2.397012902948486,ema21_close
2025-08-22 17:40:00+00:00,2025-08-22 17:40:00+00:00,long,remainder,-2.0857711855202914,ema21_close
2025-08-22 18:00:00+00:00,2025-08-22 18:00:00+00:00,long,remainder,-2.0999554191513092,runner_resistance
2025-08-22 18:02:00+00:00,2025-08-22 18:09:00+00:00,long,remainder,-1.3676906104817088,runner_resistance
2025-08-23 13:34:00+00:00,2025-08-23 13:34:00+00:00,short,remainder,-1.9821528066177891,ema21_close
2025-08-23 13:39:00+00:00,2025-08-23 13:39:00+00:00,short,remainder,-3.6364520891012253,runner_support
2025-08-24 07:24:00+00:00,2025-08-24 07:25:00+00:00,long,remainder,-2.083376651541465,ema21_close
2025-08-24 07:46:00+00:00,2025-08-24 08:00:00+00:00,long,remainder,-2.03906600780561,ema21_close
2025-08-24 19:32:00+00:00,2025-08-24 19:36:00+00:00,short,remainder,-1.8047060002687796,runner_support
2025-08-25 08:14:00+00:00,2025-08-25 08:18:00+00:00,short,partial,-0.5156253894625042,partial_tp
2025-08-25 08:14:00+00:00,2025-08-25 08:18:00+00:00,short,remainder,-0.6766889703844059,runner_support
2025-08-25 12:27:00+00:00,2025-08-25 12:27:00+00:00,long,remainder,-1.4242233743595543,ema21_close
2025-08-25 12:29:00+00:00,2025-08-25 12:30:00+00:00,long,remainder,-2.183823222583478,ema21_close
2025-08-25 20:49:00+00:00,2025-08-25 20:49:00+00:00,short,partial,-0.5138911827632968,partial_tp
2025-08-25 20:49:00+00:00,2025-08-25 20:49:00+00:00,short,remainder,-2.242586847519159,runner_support
2025-08-26 16:06:00+00:00,2025-08-26 16:07:00+00:00,long,partial,-0.5226994927594395,partial_tp
2025-08-26 16:06:00+00:00,2025-08-26 16:10:00+00:00,long,remainder,-1.9782416717504379,breakeven
2025-08-26 16:13:00+00:00,2025-08-26 16:15:00+00:00,long,remainder,-2.0359452802682227,ema21_close
2025-08-26 16:17:00+00:00,2025-08-26 16:17:00+00:00,long,remainder,-2.704768971940958,ema21_close
2025-08-26 20:34:00+00:00,2025-08-26 20:34:00+00:00,long,remainder,-5.098792950878015,runner_resistance
2025-08-26 21:06:00+00:00,2025-08-26 21:06:00+00:00,long,remainder,-2.831450945659317,runner_resistance
2025-08-26 21:10:00+00:00,2025-08-26 21:10:00+00:00,long,remainder,-2.845130455794293,runner_resistance
2025-08-26 21:15:00+00:00,2025-08-26 21:15:00+00:00,long,remainder,-2.8298118662236145,runner_resistance
2025-08-26 21:17:00+00:00,2025-08-26 21:17:00+00:00,long,remainder,-2.828994774719272,runner_resistance
2025-08-26 21:19:00+00:00,2025-08-26 21:19:00+00:00,long,remainder,-2.8281779191452885,runner_resistance
2025-08-26 21:21:00+00:00,2025-08-26 21:21:00+00:00,long,remainder,-2.8273612994335386,runner_resistance
2025-08-26 21:23:00+00:00,2025-08-26 21:23:00+00:00,long,remainder,-2.8265449155159192,runner_resistance
2025-08-26 21:25:00+00:00,2025-08-26 21:25:00+00:00,long,remainder,-2.825728767324347,runner_resistance
2025-08-26 21:27:00+00:00,2025-08-26 21:27:00+00:00,long,remainder,-2.8249128547907567,runner_resistance
2025-08-26 21:29:00+00:00,2025-08-26 21:29:00+00:00,long,remainder,-2.824097177847103,runner_resistance
2025-08-26 21:31:00+00:00,2025-08-26 21:31:00+00:00,long,remainder,-2.8232817364253613,runner_resistance
2025-08-26 21:33:00+00:00,2025-08-26 21:33:00+00:00,long,remainder,-2.836921778887171,runner_resistance
2025-08-26 21:35:00+00:00,2025-08-26 21:35:00+00:00,long,remainder,-2.8216473860077906,runner_resistance
2025-08-27 10:12:00+00:00,2025-08-27 10:12:00+00:00,short,remainder,-6.144504705941252,runner_support
2025-08-27 17:02:00+00:00,2025-08-27 17:12:00+00:00,long,remainder,-1.6496460151293193,ema21_close
2025-08-27 17:14:00+00:00,2025-08-27 17:14:00+00:00,long,remainder,-2.2119343060369365,ema21_close
2025-08-28 11:45:00+00:00,2025-08-28 11:51:00+00:00,long,remainder,-2.8418125329996653,ema21_close
2025-08-28 11:55:00+00:00,2025-08-28 11:59:00+00:00,long,full,-5.165616673429098,init_sl
2025-08-28 12:01:00+00:00,2025-08-28 12:01:00+00:00,long,remainder,-2.265838677055636,ema21_close
2025-08-28 15:00:00+00:00,2025-08-28 15:00:00+00:00,long,remainder,-1.1916800038612916,runner_resistance
2025-08-28 17:06:00+00:00,2025-08-28 17:06:00+00:00,long,remainder,-1.9923884197475232,ema21_close
2025-08-29 08:42:00+00:00,2025-08-29 08:42:00+00:00,long,remainder,-2.5200027631642694,ema21_close
2025-08-30 11:31:00+00:00,2025-08-30 11:31:00+00:00,short,remainder,-12.96815043641454,runner_support
2025-08-30 11:35:00+00:00,2025-08-30 11:40:00+00:00,short,remainder,-1.9742159850231278,ema21_close
2025-08-30 12:43:00+00:00,2025-08-30 12:43:00+00:00,long,partial,-0.5550984263940746,partial_tp
2025-08-30 12:43:00+00:00,2025-08-30 12:43:00+00:00,long,remainder,-0.4005895637930226,runner_resistance
2025-08-30 19:35:00+00:00,2025-08-30 19:35:00+00:00,long,remainder,-1.973585496613932,runner_resistance
2025-08-30 19:38:00+00:00,2025-08-30 19:38:00+00:00,long,remainder,-1.9872313286901002,runner_resistance
2025-08-30 19:40:00+00:00,2025-08-30 19:40:00+00:00,long,remainder,-1.9868252720435908,runner_resistance
2025-08-30 19:43:00+00:00,2025-08-30 19:43:00+00:00,long,remainder,-1.9864192983677946,runner_resistance
2025-08-30 21:32:00+00:00,2025-08-30 21:32:00+00:00,long,remainder,-1.9719640095057627,ema21_close
2025-08-31 17:03:00+00:00,2025-08-31 17:06:00+00:00,long,remainder,-2.1675938100127325,ema21_close
2025-09-01 13:45:00+00:00,2025-09-01 13:45:00+00:00,long,remainder,-0.9406181935034703,runner_resistance
2025-09-01 19:28:00+00:00,2025-09-01 19:28:00+00:00,short,remainder,-4.031059657301741,runner_support
2025-09-03 11:40:00+00:00,2025-09-03 11:40:00+00:00,long,remainder,-2.4190056246475646,ema21_close
2025-09-03 13:32:00+00:00,2025-09-03 13:32:00+00:00,long,remainder,-3.015230919035484,ema21_close
2025-09-04 18:22:00+00:00,2025-09-04 18:22:00+00:00,short,remainder,-2.8016430553812244,ema21_close
2025-09-05 21:18:00+00:00,2025-09-05 21:20:00+00:00,short,full,-4.583487033430746,init_sl
2025-09-06 12:50:00+00:00,2025-09-06 12:50:00+00:00,long,remainder,-3.524636774272678,runner_resistance
2025-09-06 12:54:00+00:00,2025-09-06 12:57:00+00:00,long,partial,-0.6093830885024882,partial_tp
2025-09-06 12:54:00+00:00,2025-09-06 12:57:00+00:00,long,remainder,-1.1599534950495283,runner_resistance
2025-09-11 21:36:00+00:00,2025-09-11 21:36:00+00:00,long,remainder,-5.934097588614094,runner_resistance
2025-09-11 21:38:00+00:00,2025-09-11 21:38:00+00:00,long,remainder,-5.930464436615106,runner_resistance
2025-09-11 21:40:00+00:00,2025-09-11 21:40:00+00:00,long,remainder,-5.940125006021146,runner_resistance
2025-09-11 21:42:00+00:00,2025-09-11 21:42:00+00:00,long,remainder,-6.188849612765428,runner_resistance
2025-09-13 07:20:00+00:00,2025-09-13 07:27:00+00:00,long,full,-6.286572411822402,init_sl
2025-09-13 07:48:00+00:00,2025-09-13 07:48:00+00:00,long,full,-5.087076923906873,init_sl
2025-09-14 07:01:00+00:00,2025-09-14 07:10:00+00:00,long,remainder,-1.9842968948706112,ema21_close
2025-09-14 12:46:00+00:00,2025-09-14 12:46:00+00:00,long,remainder,-1.997145835861987,ema21_close
2025-09-14 20:55:00+00:00,2025-09-14 20:55:00+00:00,long,remainder,-6.908675297409319,runner_resistance
2025-09-14 20:57:00+00:00,2025-09-14 20:57:00+00:00,long,remainder,-2.1403411214410295,ema21_close
2025-09-14 21:03:00+00:00,2025-09-14 21:03:00+00:00,long,remainder,-6.480450097735746,runner_resistance
2025-09-14 21:05:00+00:00,2025-09-14 21:05:00+00:00,long,remainder,-6.476095394243375,runner_resistance
2025-09-15 08:35:00+00:00,2025-09-15 08:35:00+00:00,long,remainder,-2.4407921887201818,ema21_close
2025-09-15 15:37:00+00:00,2025-09-15 15:41:00+00:00,long,partial,-0.6292557334149391,partial_tp
2025-09-15 15:37:00+00:00,2025-09-15 15:49:00+00:00,long,remainder,1.5969553890054216,runner_resistance
2025-09-15 16:43:00+00:00,2025-09-15 16:43:00+00:00,long,remainder,-4.027074472632397,ema21_close
2025-09-16 07:10:00+00:00,2025-09-16 07:10:00+00:00,long,partial,-0.6380896445957351,partial_tp
2025-09-16 07:10:00+00:00,2025-09-16 07:11:00+00:00,long,remainder,-1.9380844008353324,breakeven
2025-09-16 20:35:00+00:00,2025-09-16 20:36:00+00:00,long,remainder,-2.587711589014004,ema21_close
2025-09-18 16:42:00+00:00,2025-09-18 16:42:00+00:00,long,remainder,-2.069055400709032,ema21_close
2025-09-18 16:49:00+00:00,2025-09-18 16:51:00+00:00,long,partial,-0.6190352122305656,partial_tp
2025-09-18 16:49:00+00:00,2025-09-18 16:51:00+00:00,long,remainder,-1.0802583723243484,runner_resistance
2025-09-19 09:32:00+00:00,2025-09-19 09:34:00+00:00,long,remainder,-2.697341656759807,ema21_close
2025-09-19 18:35:00+00:00,2025-09-19 18:35:00+00:00,long,remainder,-3.423112860500085,runner_resistance
2025-09-19 18:37:00+00:00,2025-09-19 18:37:00+00:00,long,remainder,-3.421894017736001,runner_resistance
2025-09-19 18:39:00+00:00,2025-09-19 18:39:00+00:00,long,remainder,-3.4206756089563464,runner_resistance
2025-09-19 21:12:00+00:00,2025-09-19 21:12:00+00:00,long,full,-5.871519289338845,init_sl
2025-09-19 21:46:00+00:00,2025-09-19 21:47:00+00:00,long,remainder,-1.3342380797398001,runner_resistance
2025-09-21 09:39:00+00:00,2025-09-21 09:44:00+00:00,short,partial,-0.6293007528584162,partial_tp
2025-09-21 09:39:00+00:00,2025-09-21 09:44:00+00:00,short,remainder,-1.1635280597750501,runner_support
2025-09-21 17:20:00+00:00,2025-09-21 17:20:00+00:00,long,remainder,-3.1793164502241065,runner_resistance
2025-09-22 16:22:00+00:00,2025-09-22 16:22:00+00:00,long,remainder,-1.9182698209941156,ema21_close
2025-09-22 19:18:00+00:00,2025-09-22 19:19:00+00:00,long,remainder,-2.530123746753783,ema21_close
2025-09-24 09:15:00+00:00,2025-09-24 09:19:00+00:00,short,remainder,-0.9023037013565707,runner_support
2025-09-24 12:08:00+00:00,2025-09-24 12:08:00+00:00,long,remainder,-2.995699377948533,ema21_close
2025-09-24 20:16:00+00:00,2025-09-24 20:17:00+00:00,long,full,-5.600050400041242,init_sl
2025-09-24 20:22:00+00:00,2025-09-24 20:23:00+00:00,long,partial,-0.6485363715045398,partial_tp
2025-09-24 20:22:00+00:00,2025-09-24 20:27:00+00:00,long,remainder,-1.813101205517731,ema21_close
2025-09-24 20:29:00+00:00,2025-09-24 20:30:00+00:00,long,remainder,-2.759317049228473,ema21_close
2025-09-26 08:15:00+00:00,2025-09-26 08:16:00+00:00,long,remainder,-3.3034335552302228,ema21_close
2025-09-26 21:12:00+00:00,2025-09-26 21:12:00+00:00,short,remainder,-3.6139325262129445,runner_support
2025-09-27 08:47:00+00:00,2025-09-27 08:47:00+00:00,long,remainder,-10.14938111462878,runner_resistance
2025-09-27 08:49:00+00:00,2025-09-27 08:49:00+00:00,long,remainder,-10.125995297255221,runner_resistance
2025-09-27 08:51:00+00:00,2025-09-27 08:54:00+00:00,long,full,-4.322995264856236,init_sl
2025-09-27 19:25:00+00:00,2025-09-27 19:27:00+00:00,long,remainder,-2.689909703981979,ema21_close
2025-09-27 20:28:00+00:00,2025-09-27 20:28:00+00:00,short,partial,-0.6569417352948579,partial_tp
2025-09-27 20:28:00+00:00,2025-09-27 20:28:00+00:00,short,remainder,-1.5159764459950813,runner_support
2025-09-30 14:28:00+00:00,2025-09-30 14:28:00+00:00,long,full,-3.78958994323758,init_sl
2025-09-30 14:31:00+00:00,2025-09-30 14:31:00+00:00,long,full,-4.9992858131205224,init_sl
2025-09-30 14:36:00+00:00,2025-09-30 14:36:00+00:00,long,full,-2.9953569313274246,init_sl
2025-09-30 14:40:00+00:00,2025-09-30 14:41:00+00:00,long,partial,-0.6823418466916937,partial_tp
2025-09-30 14:40:00+00:00,2025-09-30 14:42:00+00:00,long,remainder,-1.9171518813393822,breakeven
2025-10-05 11:44:00+00:00,2025-10-05 11:46:00+00:00,short,remainder,-1.9287395325488312,ema21_close
2025-10-05 19:28:00+00:00,2025-10-05 19:34:00+00:00,long,remainder,-1.9405661969403076,ema21_close
2025-10-05 19:36:00+00:00,2025-10-05 19:41:00+00:00,long,remainder,-1.940170608846934,ema21_close
2025-10-05 19:52:00+00:00,2025-10-05 20:05:00+00:00,long,remainder,-1.6343338620055055,runner_resistance
2025-10-07 09:47:00+00:00,2025-10-07 09:48:00+00:00,long,full,-5.529325298380467,init_sl
2025-10-10 08:29:00+00:00,2025-10-10 08:32:00+00:00,long,partial,-0.7231418162863283,partial_tp
2025-10-10 08:29:00+00:00,2025-10-10 08:32:00+00:00,long,remainder,-0.3183881504151673,runner_resistance
2025-10-12 21:56:00+00:00,2025-10-12 21:56:00+00:00,long,remainder,-2.1033210088870598,ema21_close
2025-10-17 18:46:00+00:00,2025-10-17 18:46:00+00:00,long,partial,-0.7948235584730037,partial_tp
2025-10-17 18:46:00+00:00,2025-10-17 18:49:00+00:00,long,remainder,-1.9122343933006887,breakeven
2025-10-20 13:29:00+00:00,2025-10-20 13:30:00+00:00,long,full,-8.528899838187927,init_sl
2025-10-20 15:58:00+00:00,2025-10-20 15:58:00+00:00,long,partial,-0.818058806218366,partial_tp
2025-10-20 15:58:00+00:00,2025-10-20 15:58:00+00:00,long,remainder,-0.8726423560759407,runner_resistance
2025-10-20 19:23:00+00:00,2025-10-20 19:24:00+00:00,long,partial,-0.8236881211654692,partial_tp
2025-10-20 19:23:00+00:00,2025-10-20 19:24:00+00:00,long,remainder,0.5876481228695278,runner_resistance
2025-10-29 07:31:00+00:00,2025-10-29 07:31:00+00:00,long,full,-9.589551470612628,init_sl
2025-10-30 19:21:00+00:00,2025-10-30 19:21:00+00:00,long,full,-6.953826927418802,init_sl
2025-11-01 17:37:00+00:00,2025-11-01 17:43:00+00:00,long,remainder,-2.6395482457872874,ema21_close
2025-11-01 17:52:00+00:00,2025-11-01 17:52:00+00:00,long,remainder,-1.9654821596666505,ema21_close
2025-11-05 21:28:00+00:00,2025-11-05 21:29:00+00:00,short,partial,-0.7167803456909922,partial_tp
2025-11-05 21:28:00+00:00,2025-11-05 21:29:00+00:00,short,remainder,-0.6216354796134527,runner_support
2025-11-06 10:48:00+00:00,2025-11-06 10:48:00+00:00,short,full,-2.368136889687887,init_sl
2025-11-08 20:20:00+00:00,2025-11-08 20:24:00+00:00,long,full,-5.804452351856103,init_sl
2025-11-12 09:11:00+00:00,2025-11-12 09:11:00+00:00,long,remainder,-2.558355593966909,ema21_close
2025-11-12 09:19:00+00:00,2025-11-12 09:19:00+00:00,long,full,-6.010712792775299,init_sl
2025-11-13 08:56:00+00:00,2025-11-13 08:56:00+00:00,long,remainder,-2.013616568362205,ema21_close
2025-11-13 12:50:00+00:00,2025-11-13 12:50:00+00:00,long,remainder,-2.348231178789309,ema21_close
2025-11-13 12:52:00+00:00,2025-11-13 12:52:00+00:00,long,partial,-0.7839463848223902,partial_tp
2025-11-13 12:52:00+00:00,2025-11-13 12:52:00+00:00,long,remainder,-0.6164064917411196,runner_resistance
2025-11-13 19:24:00+00:00,2025-11-13 19:24:00+00:00,short,full,-5.878366402143774,init_sl
2025-11-14 12:49:00+00:00,2025-11-14 12:49:00+00:00,short,partial,-0.7476562598605805,partial_tp
2025-11-14 12:49:00+00:00,2025-11-14 12:50:00+00:00,short,remainder,-1.8997751239465819,breakeven
2025-11-15 15:23:00+00:00,2025-11-15 15:23:00+00:00,long,full,-5.618673610639322,init_sl
2025-11-15 15:25:00+00:00,2025-11-15 15:31:00+00:00,long,full,-6.029708407835631,init_sl
2025-11-15 15:39:00+00:00,2025-11-15 15:39:00+00:00,long,remainder,-1.9084094566334584,ema21_close
2025-11-17 20:22:00+00:00,2025-11-17 20:22:00+00:00,short,partial,-0.7222070899749631,partial_tp
2025-11-17 20:22:00+00:00,2025-11-17 20:23:00+00:00,short,remainder,-1.8967586058931256,breakeven
2025-11-20 19:52:00+00:00,2025-11-20 19:53:00+00:00,long,partial,-0.7403448240592145,partial_tp
2025-11-20 19:52:00+00:00,2025-11-20 19:58:00+00:00,long,remainder,2.9463429239998478,runner_resistance
2025-11-21 13:03:00+00:00,2025-11-21 13:03:00+00:00,long,full,-8.045142793487095,init_sl
2025-11-22 17:54:00+00:00,2025-11-22 17:58:00+00:00,short,remainder,-2.1966414230543694,ema21_close
2025-11-22 18:49:00+00:00,2025-11-22 18:49:00+00:00,long,partial,-0.7351231739357951,partial_tp
2025-11-22 18:49:00+00:00,2025-11-22 18:50:00+00:00,long,remainder,-0.630781449714731,runner_resistance
2025-11-23 14:43:00+00:00,2025-11-23 14:45:00+00:00,short,partial,-0.7314322967244553,partial_tp
2025-11-23 14:43:00+00:00,2025-11-23 14:49:00+00:00,short,remainder,0.6988174963547391,runner_support
2025-11-23 17:46:00+00:00,2025-11-23 17:46:00+00:00,long,full,-6.1594152430416385,init_sl
2025-11-24 19:05:00+00:00,2025-11-24 19:05:00+00:00,long,partial,-0.7510531632453112,partial_tp
2025-11-24 19:05:00+00:00,2025-11-24 19:08:00+00:00,long,remainder,-1.8927879008137145,breakeven
2025-11-24 19:10:00+00:00,2025-11-24 19:10:00+00:00,long,full,-5.336838504446052,init_sl
2025-11-24 19:12:00+00:00,2025-11-24 19:12:00+00:00,long,full,-3.531351290823124,init_sl
2025-11-26 16:18:00+00:00,2025-11-26 16:18:00+00:00,long,remainder,-2.0144967262681472,runner_resistance
2025-11-28 18:58:00+00:00,2025-11-28 18:59:00+00:00,long,partial,-0.7793334053524872,partial_tp
2025-11-28 18:58:00+00:00,2025-11-28 19:02:00+00:00,long,remainder,-1.88976960996705,breakeven
2025-11-28 21:44:00+00:00,2025-11-28 21:44:00+00:00,short,remainder,-8.11688316526167,runner_support
2025-11-28 21:46:00+00:00,2025-11-28 21:46:00+00:00,short,remainder,-8.109867277943007,runner_support
2025-11-29 11:45:00+00:00,2025-11-29 11:47:00+00:00,long,remainder,-1.4334860621557937,runner_resistance
2025-11-29 20:11:00+00:00,2025-11-29 20:11:00+00:00,short,remainder,-1.708939851689862,runner_support
2025-12-03 12:58:00+00:00,2025-12-03 12:59:00+00:00,long,partial,-0.7746289394745653,partial_tp
2025-12-03 12:58:00+00:00,2025-12-03 13:00:00+00:00,long,remainder,0.7137573175420602,runner_resistance
2025-12-06 09:53:00+00:00,2025-12-06 09:53:00+00:00,long,remainder,-2.052164087762563,ema21_close
2025-12-10 18:37:00+00:00,2025-12-10 18:39:00+00:00,short,partial,-0.7700994967764929,partial_tp
2025-12-10 18:37:00+00:00,2025-12-10 18:41:00+00:00,short,remainder,0.04376606517598991,runner_support
2025-12-12 09:07:00+00:00,2025-12-12 09:07:00+00:00,long,full,-6.176251099705258,init_sl
2025-12-13 21:54:00+00:00,2025-12-13 21:54:00+00:00,long,remainder,-3.930318400971789,runner_resistance
2025-12-14 10:15:00+00:00,2025-12-14 10:15:00+00:00,long,remainder,-5.812100897936425,runner_resistance
2025-12-14 10:17:00+00:00,2025-12-14 10:17:00+00:00,long,remainder,-5.819300732294575,runner_resistance
2025-12-14 10:19:00+00:00,2025-12-14 10:19:00+00:00,long,remainder,-5.804877088451436,runner_resistance
2025-12-14 10:21:00+00:00,2025-12-14 10:21:00+00:00,long,remainder,-5.812067974198294,runner_resistance
2025-12-14 10:23:00+00:00,2025-12-14 10:23:00+00:00,long,remainder,-5.797662257376215,runner_resistance
2025-12-14 21:26:00+00:00,2025-12-14 21:30:00+00:00,long,full,-4.788978624488731,init_sl
2025-12-15 12:55:00+00:00,2025-12-15 12:55:00+00:00,long,remainder,-1.9397252295890113,ema21_close
2025-12-20 09:25:00+00:00,2025-12-20 09:25:00+00:00,long,full,-0.09155424105965926,init_sl
2025-12-20 09:27:00+00:00,2025-12-20 09:27:00+00:00,long,full,-0.0915533419318999,init_sl
2025-12-20 09:29:00+00:00,2025-12-20 09:29:00+00:00,long,full,-0.11295722167714617,init_sl
2025-12-20 09:35:00+00:00,2025-12-20 09:35:00+00:00,long,full,-0.11295585300002964,init_sl
2025-12-20 09:40:00+00:00,2025-12-20 09:40:00+00:00,long,full,-0.11295448433949673,init_sl
2025-12-20 09:42:00+00:00,2025-12-20 09:42:00+00:00,long,full,-0.0915491148925427,init_sl
2025-12-20 15:23:00+00:00,2025-12-20 15:23:00+00:00,long,full,2.541867649939549,init_sl
2025-12-20 15:25:00+00:00,2025-12-20 15:25:00+00:00,long,full,2.5639825756992596,init_sl
2025-12-20 16:55:00+00:00,2025-12-20 16:55:00+00:00,long,full,2.4361228091217666,init_sl
2025-12-20 17:01:00+00:00,2025-12-20 17:01:00+00:00,long,full,2.4581919128008876,init_sl
2025-12-20 17:04:00+00:00,2025-12-20 17:04:00+00:00,long,full,2.4588396120589384,init_sl
2025-12-20 17:06:00+00:00,2025-12-20 17:06:00+00:00,long,full,2.459487481976703,init_sl
2025-12-20 17:10:00+00:00,2025-12-20 17:10:00+00:00,long,full,2.460135522599148,init_sl
2025-12-20 17:12:00+00:00,2025-12-20 17:12:00+00:00,long,full,2.460783733971253,init_sl
2025-12-20 17:14:00+00:00,2025-12-20 17:14:00+00:00,long,full,2.461432116138005,init_sl
2025-12-20 17:16:00+00:00,2025-12-20 17:16:00+00:00,long,full,2.462080669144409,init_sl
2025-12-20 17:18:00+00:00,2025-12-20 17:18:00+00:00,long,full,2.4627293930354774,init_sl
2025-12-20 17:20:00+00:00,2025-12-20 17:20:00+00:00,long,full,2.4633782878562362,init_sl
2025-12-20 17:22:00+00:00,2025-12-20 17:22:00+00:00,long,full,2.464027353651724,init_sl
2025-12-20 17:24:00+00:00,2025-12-20 17:24:00+00:00,long,full,2.464676590466989,init_sl
2025-12-20 17:26:00+00:00,2025-12-20 17:26:00+00:00,long,full,2.4653259983470925,init_sl
2025-12-20 17:28:00+00:00,2025-12-20 17:28:00+00:00,long,full,2.465975577337108,init_sl
2025-12-20 17:30:00+00:00,2025-12-20 17:30:00+00:00,long,full,2.4666253274821215,init_sl
2025-12-20 17:32:00+00:00,2025-12-20 17:32:00+00:00,long,full,2.4457632359395474,init_sl
2025-12-22 21:53:00+00:00,2025-12-22 21:55:00+00:00,long,remainder,-2.250436908538274,ema21_close
2025-12-24 12:25:00+00:00,2025-12-24 12:25:00+00:00,long,remainder,-2.505720287602376,ema21_close
2025-12-24 12:30:00+00:00,2025-12-24 12:30:00+00:00,long,remainder,-2.318311529021189,ema21_close
2025-12-24 12:58:00+00:00,2025-12-24 12:58:00+00:00,long,full,-3.4740692035816214,init_sl
2025-12-24 16:55:00+00:00,2025-12-24 16:56:00+00:00,long,partial,-0.8398870804224008,partial_tp
2025-12-24 16:55:00+00:00,2025-12-24 16:57:00+00:00,long,remainder,0.8372552115450278,runner_resistance
2025-12-26 08:42:00+00:00,2025-12-26 08:42:00+00:00,long,remainder,-3.7280079811682807,runner_resistance
2025-12-26 09:11:00+00:00,2025-12-26 09:12:00+00:00,long,remainder,-2.2618792872332296,ema21_close
2025-12-26 09:34:00+00:00,2025-12-26 09:36:00+00:00,long,full,-4.5227231149073,init_sl
2025-12-27 18:00:00+00:00,2025-12-27 18:08:00+00:00,long,partial,-0.8571275041286852,partial_tp
2025-12-27 18:00:00+00:00,2025-12-27 18:08:00+00:00,long,remainder,-1.0002305237931184,runner_resistance
2025-12-27 18:29:00+00:00,2025-12-27 18:29:00+00:00,long,remainder,-3.084290155925615,runner_resistance
2025-12-27 18:31:00+00:00,2025-12-27 18:31:00+00:00,long,remainder,-3.0832720308331742,runner_resistance
2025-12-28 08:53:00+00:00,2025-12-28 08:53:00+00:00,long,remainder,-1.8879030199252542,ema21_close
2025-12-28 08:55:00+00:00,2025-12-28 08:55:00+00:00,long,remainder,-1.877304536584818,ema21_close
2026-01-02 08:24:00+00:00,2026-01-02 08:30:00+00:00,long,partial,-0.8168966190915641,partial_tp
2026-01-02 08:24:00+00:00,2026-01-02 08:32:00+00:00,long,remainder,-1.877316458882779,breakeven
2026-01-02 11:09:00+00:00,2026-01-02 11:10:00+00:00,long,full,-4.9800625101703915,init_sl
2026-01-04 10:03:00+00:00,2026-01-04 10:03:00+00:00,long,remainder,-2.0150981657331486,ema21_close
2026-01-04 10:13:00+00:00,2026-01-04 10:13:00+00:00,long,remainder,-1.8861875505119348,ema21_close
2026-01-04 11:26:00+00:00,2026-01-04 11:30:00+00:00,short,partial,-0.8037267251922675,partial_tp
2026-01-04 11:26:00+00:00,2026-01-04 11:30:00+00:00,short,remainder,-1.6072649244596997,runner_support
2026-01-04 12:08:00+00:00,2026-01-04 12:09:00+00:00,short,remainder,-1.8853482253554164,ema21_close
2026-01-04 17:26:00+00:00,2026-01-04 17:48:00+00:00,long,remainder,-2.418872630010664,ema21_close
2026-01-05 09:37:00+00:00,2026-01-05 09:37:00+00:00,long,full,-5.4021762868357115,init_sl
2026-01-05 09:40:00+00:00,2026-01-05 09:42:00+00:00,long,partial,-0.8254380202303087,partial_tp
2026-01-05 09:40:00+00:00,2026-01-05 09:42:00+00:00,long,remainder,-0.6474470499887583,runner_resistance
2026-01-06 17:28:00+00:00,2026-01-06 17:28:00+00:00,long,remainder,-2.864023892326919,runner_resistance
2026-01-06 17:30:00+00:00,2026-01-06 17:30:00+00:00,long,partial,-0.8382821519389234,partial_tp
2026-01-06 17:30:00+00:00,2026-01-06 17:30:00+00:00,long,remainder,-2.2847001230787303,runner_resistance
2026-01-09 09:52:00+00:00,2026-01-09 09:52:00+00:00,long,remainder,-2.0887154892947057,ema21_close
2026-01-09 20:41:00+00:00,2026-01-09 20:41:00+00:00,long,full,-5.947575570096733,init_sl
2026-01-10 09:06:00+00:00,2026-01-10 09:07:00+00:00,long,remainder,-1.365030711130934,runner_resistance
2026-01-10 09:18:00+00:00,2026-01-10 09:22:00+00:00,long,remainder,-1.9203180439303777,ema21_close
2026-01-10 11:22:00+00:00,2026-01-10 11:29:00+00:00,short,remainder,-1.878795688879458,ema21_close
2026-01-11 09:41:00+00:00,2026-01-11 09:44:00+00:00,long,remainder,-1.6010954603390473,runner_resistance
2026-01-12 09:32:00+00:00,2026-01-12 09:32:00+00:00,long,full,-5.631422921101142,init_sl
2026-01-13 08:50:00+00:00,2026-01-13 08:53:00+00:00,long,remainder,-2.2691195419866466,ema21_close
2026-01-13 09:12:00+00:00,2026-01-13 09:12:00+00:00,long,remainder,-1.986816006046805,ema21_close
2026-01-14 09:28:00+00:00,2026-01-14 09:28:00+00:00,long,remainder,-1.8655355598617678,ema21_close
2026-01-14 19:16:00+00:00,2026-01-14 19:16:00+00:00,long,partial,-0.8661456630725795,partial_tp
2026-01-14 19:16:00+00:00,2026-01-14 19:27:00+00:00,long,remainder,0.532475752892482,ema21_close
2026-01-15 10:59:00+00:00,2026-01-15 10:59:00+00:00,long,remainder,-7.166194689406058,runner_resistance
2026-01-15 11:04:00+00:00,2026-01-15 11:04:00+00:00,long,remainder,-7.220667651340154,runner_resistance
2026-01-16 21:52:00+00:00,2026-01-16 21:52:00+00:00,long,remainder,-3.6312070754053254,runner_resistance
2026-01-16 21:54:00+00:00,2026-01-16 21:54:00+00:00,long,remainder,-3.6096973541757054,runner_resistance
2026-01-17 11:52:00+00:00,2026-01-17 11:52:00+00:00,long,remainder,-2.472722713275835,ema21_close
2026-01-17 20:05:00+00:00,2026-01-17 20:05:00+00:00,long,full,-1.8535129520464366,init_sl
2026-01-17 20:11:00+00:00,2026-01-17 20:11:00+00:00,long,full,-3.539274518998909,init_sl
2026-01-18 08:19:00+00:00,2026-01-18 08:30:00+00:00,long,full,-5.817658403534077,init_sl
2026-01-18 14:47:00+00:00,2026-01-18 15:04:00+00:00,long,partial,-0.8590630071714384,partial_tp
2026-01-18 14:47:00+00:00,2026-01-18 15:04:00+00:00,long,remainder,-1.4784235172486606,runner_resistance
2026-01-18 19:15:00+00:00,2026-01-18 19:15:00+00:00,long,remainder,-3.980062299780026,runner_resistance
2026-01-18 19:17:00+00:00,2026-01-18 19:17:00+00:00,long,remainder,-3.968391496777553,runner_resistance
2026-01-18 19:19:00+00:00,2026-01-18 19:19:00+00:00,long,remainder,-3.717878400646003,runner_resistance
2026-01-18 19:21:00+00:00,2026-01-18 19:21:00+00:00,long,remainder,-3.7163808129556815,runner_resistance
2026-01-18 19:23:00+00:00,2026-01-18 19:23:00+00:00,long,remainder,-3.704938981641953,runner_resistance
2026-01-18 19:25:00+00:00,2026-01-18 19:25:00+00:00,long,remainder,-3.703450601171839,runner_resistance
2026-01-18 20:29:00+00:00,2026-01-18 20:31:00+00:00,long,remainder,-1.9821757319117888,ema21_close
2026-01-19 12:49:00+00:00,2026-01-19 12:49:00+00:00,long,remainder,-2.6395671550898676,ema21_close
2026-01-20 21:30:00+00:00,2026-01-20 21:30:00+00:00,long,remainder,-2.361739398662084,ema21_close
2026-01-21 08:32:00+00:00,2026-01-21 08:32:00+00:00,long,full,-5.7343592122211104,init_sl
2026-01-21 21:41:00+00:00,2026-01-21 21:41:00+00:00,long,partial,-0.9031451177441213,partial_tp
2026-01-21 21:41:00+00:00,2026-01-21 21:41:00+00:00,long,remainder,-2.9198193978414237,ema21_close
2026-01-23 16:43:00+00:00,2026-01-23 16:43:00+00:00,long,full,-9.395190998116384,init_sl
2026-01-23 16:45:00+00:00,2026-01-23 16:45:00+00:00,long,full,-9.293851458626108,init_sl
2026-01-23 16:55:00+00:00,2026-01-23 16:55:00+00:00,long,remainder,-2.68020237283496,ema21_close
2026-02-01 18:31:00+00:00,2026-02-01 18:31:00+00:00,long,remainder,-4.408863529652495,ema21_close
2026-02-07 20:47:00+00:00,2026-02-07 20:47:00+00:00,long,remainder,-1.862118535659881,ema21_close
2026-02-08 10:07:00+00:00,2026-02-08 10:07:00+00:00,short,remainder,-2.1456567189435027,ema21_close
2026-02-08 20:23:00+00:00,2026-02-08 20:23:00+00:00,long,partial,-0.9291674159566836,partial_tp
2026-02-08 20:23:00+00:00,2026-02-08 20:24:00+00:00,long,remainder,3.758219368064686,runner_resistance
2026-02-09 19:52:00+00:00,2026-02-09 19:52:00+00:00,long,remainder,-2.8622971985064725,ema21_close
2026-02-15 13:46:00+00:00,2026-02-15 13:47:00+00:00,short,remainder,-1.988526392435345,ema21_close
2026-02-19 07:15:00+00:00,2026-02-19 07:15:00+00:00,long,remainder,-15.921771698246301,runner_resistance
2026-02-19 07:35:00+00:00,2026-02-19 07:35:00+00:00,long,remainder,-15.531092258120161,runner_resistance
2026-02-19 07:37:00+00:00,2026-02-19 07:37:00+00:00,long,remainder,-15.35069117007793,runner_resistance
2026-02-19 07:43:00+00:00,2026-02-19 07:43:00+00:00,long,full,-3.793157924666579,init_sl
2026-02-19 15:48:00+00:00,2026-02-19 15:50:00+00:00,long,remainder,-2.8576122935297548,ema21_close
2026-02-19 19:32:00+00:00,2026-02-19 19:34:00+00:00,long,remainder,-2.3330747392484152,ema21_close
2026-02-19 21:03:00+00:00,2026-02-19 21:03:00+00:00,long,full,-5.535395612460714,init_sl
2026-02-19 21:17:00+00:00,2026-02-19 21:17:00+00:00,long,full,-2.4605972875384996,init_sl
2026-02-19 21:19:00+00:00,2026-02-19 21:19:00+00:00,long,full,-2.459932348860554,init_sl
2026-02-20 21:17:00+00:00,2026-02-20 21:18:00+00:00,long,partial,-0.937811713422335,partial_tp
2026-02-20 21:17:00+00:00,2026-02-20 21:21:00+00:00,long,remainder,-1.829009791806449,breakeven
2026-02-21 17:53:00+00:00,2026-02-21 18:07:00+00:00,long,remainder,-2.2167801305878547,ema21_close
2026-02-22 13:51:00+00:00,2026-02-22 13:54:00+00:00,long,remainder,-2.3940182829817873,ema21_close
2026-02-22 13:56:00+00:00,2026-02-22 14:05:00+00:00,long,partial,-0.9431755961093399,partial_tp
2026-02-22 13:56:00+00:00,2026-02-22 14:05:00+00:00,long,remainder,-0.5894597613898647,runner_resistance
2026-02-23 15:00:00+00:00,2026-02-23 15:00:00+00:00,long,full,-2.4500265548515143,init_sl
2026-02-24 17:35:00+00:00,2026-02-24 17:35:00+00:00,long,partial,-0.94857447267449,partial_tp
2026-02-24 17:35:00+00:00,2026-02-24 17:39:00+00:00,long,remainder,-0.26370982626474326,runner_resistance
2026-03-06 15:43:00+00:00,2026-03-06 15:43:00+00:00,long,full,-10.68546877090652,init_sl
2026-03-07 21:01:00+00:00,2026-03-07 21:10:00+00:00,long,partial,-0.9468426523237957,partial_tp
2026-03-07 21:01:00+00:00,2026-03-07 21:10:00+00:00,long,remainder,-1.824219977292887,runner_resistance
2026-03-08 08:19:00+00:00,2026-03-08 08:19:00+00:00,long,full,-4.242972186865659,init_sl
2026-03-08 10:47:00+00:00,2026-03-08 10:48:00+00:00,short,remainder,-1.8666787186444276,ema21_close
2026-03-08 19:09:00+00:00,2026-03-08 19:09:00+00:00,short,remainder,-1.840014199924352,ema21_close
2026-03-08 19:13:00+00:00,2026-03-08 19:13:00+00:00,short,remainder,-1.8396408517252387,ema21_close
2026-03-08 19:16:00+00:00,2026-03-08 19:17:00+00:00,short,remainder,-1.830489762961864,ema21_close
2026-03-14 08:54:00+00:00,2026-03-14 08:54:00+00:00,long,remainder,-2.6042510101171943,runner_resistance
2026-03-14 14:24:00+00:00,2026-03-14 14:28:00+00:00,long,remainder,-1.9651822191065156,ema21_close
2026-03-14 15:09:00+00:00,2026-03-14 15:11:00+00:00,short,remainder,-1.8567139383478777,ema21_close
2026-03-15 07:13:00+00:00,2026-03-15 07:53:00+00:00,short,remainder,-1.8293475522216933,ema21_close
2026-03-16 11:43:00+00:00,2026-03-16 11:43:00+00:00,long,full,-5.556125428897983,init_sl
2026-03-16 11:45:00+00:00,2026-03-16 11:45:00+00:00,long,partial,-0.9154993422184702,partial_tp
2026-03-16 11:45:00+00:00,2026-03-16 11:46:00+00:00,long,remainder,-1.818839105980344,breakeven
2026-03-17 07:52:00+00:00,2026-03-17 07:52:00+00:00,long,full,-4.665161802393355,init_sl
2026-04-01 16:05:00+00:00,2026-04-01 16:06:00+00:00,long,partial,-0.871166400437853,partial_tp
2026-04-01 16:05:00+00:00,2026-04-01 16:07:00+00:00,long,remainder,-1.8177920649376136,breakeven
2026-04-02 21:34:00+00:00,2026-04-02 21:40:00+00:00,long,partial,-0.8487838370400251,partial_tp
2026-04-02 21:34:00+00:00,2026-04-02 21:40:00+00:00,long,remainder,-0.4031859354273568,runner_resistance
2026-04-03 08:33:00+00:00,2026-04-03 08:35:00+00:00,long,remainder,-2.214365542613593,ema21_close
2026-04-03 09:18:00+00:00,2026-04-03 09:18:00+00:00,long,full,-3.013634359035507,init_sl
2026-04-03 09:20:00+00:00,2026-04-03 09:20:00+00:00,long,full,-3.012629210627844,init_sl
2026-04-03 11:45:00+00:00,2026-04-03 11:48:00+00:00,short,remainder,-1.6315140455253183,runner_support
2026-04-03 14:29:00+00:00,2026-04-03 14:33:00+00:00,long,full,-5.008278540374004,init_sl
2026-04-03 19:00:00+00:00,2026-04-03 19:00:00+00:00,short,remainder,-1.8336939279845088,ema21_close
2026-04-04 07:33:00+00:00,2026-04-04 07:33:00+00:00,short,full,-3.278657191921212,init_sl
2026-04-04 07:35:00+00:00,2026-04-04 07:35:00+00:00,short,full,-3.2774655697100195,init_sl
2026-04-04 16:45:00+00:00,2026-04-04 16:46:00+00:00,long,remainder,-2.2479012966589877,ema21_close
2026-04-05 07:44:00+00:00,2026-04-05 08:07:00+00:00,short,remainder,-2.4035490548629213,ema21_close
2026-04-07 08:49:00+00:00,2026-04-07 08:51:00+00:00,long,partial,-0.8462389840964285,partial_tp
2026-04-07 08:49:00+00:00,2026-04-07 08:54:00+00:00,long,remainder,-1.8116069647032575,breakeven
2026-04-10 11:09:00+00:00,2026-04-10 11:09:00+00:00,long,full,-5.673290983766039,init_sl
2026-04-10 11:18:00+00:00,2026-04-10 11:19:00+00:00,long,partial,-0.8605132188281952,partial_tp
2026-04-10 11:18:00+00:00,2026-04-10 11:21:00+00:00,long,remainder,0.6962838472715169,runner_resistance
2026-04-14 17:54:00+00:00,2026-04-14 17:55:00+00:00,long,full,-5.205723582749377,init_sl
2026-04-14 18:03:00+00:00,2026-04-14 18:07:00+00:00,long,partial,-0.8754993143843774,partial_tp
2026-04-14 18:03:00+00:00,2026-04-14 18:08:00+00:00,long,remainder,1.3917980782020112,runner_resistance
2026-04-19 13:39:00+00:00,2026-04-19 13:44:00+00:00,long,partial,-0.8702680847644864,partial_tp
2026-04-19 13:39:00+00:00,2026-04-19 13:46:00+00:00,long,remainder,1.1098246328381423,runner_resistance
2026-04-19 20:31:00+00:00,2026-04-19 20:34:00+00:00,short,full,-6.976178245090597,init_sl
2026-04-22 21:27:00+00:00,2026-04-22 21:29:00+00:00,long,partial,-0.8570292039857744,partial_tp
2026-04-22 21:27:00+00:00,2026-04-22 21:29:00+00:00,long,remainder,-0.7714892223176912,runner_resistance
2026-04-22 21:59:00+00:00,2026-04-22 22:00:00+00:00,long,full,-4.222077759179568,init_sl
2026-04-23 21:33:00+00:00,2026-04-23 21:36:00+00:00,long,remainder,-1.4901234491854336,runner_resistance
2026-04-24 11:54:00+00:00,2026-04-24 11:55:00+00:00,long,remainder,-1.9686381359479033,ema21_close
2026-04-29 21:58:00+00:00,2026-04-29 21:58:00+00:00,long,remainder,-2.0231610728144367,ema21_close
2026-05-01 08:47:00+00:00,2026-05-01 08:47:00+00:00,short,remainder,-1.8841972350031166,ema21_close
2026-05-02 17:07:00+00:00,2026-05-02 17:22:00+00:00,long,remainder,-1.824576602562829,ema21_close
2026-05-03 07:59:00+00:00,2026-05-03 08:00:00+00:00,long,remainder,-2.0873865785195296,ema21_close
2026-05-05 11:58:00+00:00,2026-05-05 11:59:00+00:00,long,partial,-0.8195094445359719,partial_tp
2026-05-05 11:58:00+00:00,2026-05-05 12:00:00+00:00,long,remainder,-1.8043920929655715,breakeven
2026-05-05 16:23:00+00:00,2026-05-05 16:24:00+00:00,short,partial,-0.8194575805733447,partial_tp
2026-05-05 16:23:00+00:00,2026-05-05 16:24:00+00:00,short,remainder,0.17479142413033943,runner_support
2026-05-05 16:44:00+00:00,2026-05-05 16:44:00+00:00,short,remainder,-7.354857657323052,runner_support
2026-05-06 15:50:00+00:00,2026-05-06 15:50:00+00:00,short,partial,-0.8446029109115638,partial_tp
2026-05-06 15:50:00+00:00,2026-05-06 15:53:00+00:00,short,remainder,-1.8019924770726263,breakeven
2026-05-06 16:19:00+00:00,2026-05-06 16:20:00+00:00,short,partial,-0.8428147539624368,partial_tp
2026-05-06 16:19:00+00:00,2026-05-06 16:25:00+00:00,short,remainder,-1.6768499279853168,ema21_close
2026-05-07 21:21:00+00:00,2026-05-07 21:21:00+00:00,short,partial,-0.8454556942619128,partial_tp
2026-05-07 21:21:00+00:00,2026-05-07 21:26:00+00:00,short,remainder,-1.5334045198149684,ema21_close
2026-05-08 18:25:00+00:00,2026-05-08 18:25:00+00:00,long,full,-5.536552949909924,init_sl
2026-05-09 11:47:00+00:00,2026-05-09 11:47:00+00:00,long,full,-3.5796044935280467,init_sl
2026-05-09 11:49:00+00:00,2026-05-09 11:49:00+00:00,long,full,-3.578172651730635,init_sl
2026-05-10 09:21:00+00:00,2026-05-10 09:22:00+00:00,long,remainder,-2.262569231937715,ema21_close
2026-05-10 09:39:00+00:00,2026-05-10 09:39:00+00:00,long,remainder,-2.2904393118301907,ema21_close
2026-05-11 17:00:00+00:00,2026-05-11 17:00:00+00:00,short,full,-5.531222909005412,init_sl
2026-05-12 19:06:00+00:00,2026-05-12 19:06:00+00:00,long,partial,-0.8445110180870673,partial_tp
2026-05-12 19:06:00+00:00,2026-05-12 19:07:00+00:00,long,remainder,0.5159286208519036,runner_resistance
2026-05-12 20:35:00+00:00,2026-05-12 20:35:00+00:00,long,full,-5.449848760905674,init_sl
2026-05-15 20:39:00+00:00,2026-05-15 20:39:00+00:00,short,remainder,-1.7753757153839071,ema21_close
2026-05-16 13:41:00+00:00,2026-05-16 13:41:00+00:00,long,full,-4.711759801411552,init_sl
2026-05-16 15:51:00+00:00,2026-05-16 15:52:00+00:00,long,full,-3.8626950527341237,init_sl
2026-05-16 16:14:00+00:00,2026-05-16 16:14:00+00:00,long,full,-2.4656248175054016,init_sl
2026-05-16 16:16:00+00:00,2026-05-16 16:16:00+00:00,long,full,-2.4649429477704494,init_sl
2026-05-17 07:41:00+00:00,2026-05-17 07:41:00+00:00,long,remainder,-1.8411190807790414,runner_resistance
2026-05-17 07:43:00+00:00,2026-05-17 07:43:00+00:00,long,remainder,-1.8505659887257762,runner_resistance
2026-05-17 07:45:00+00:00,2026-05-17 07:45:00+00:00,long,remainder,-1.8501815859051396,runner_resistance
2026-05-17 07:47:00+00:00,2026-05-17 07:47:00+00:00,long,remainder,-1.8497972629333321,runner_resistance
2026-05-17 07:49:00+00:00,2026-05-17 07:49:00+00:00,long,remainder,-1.8494130197937684,runner_resistance
2026-05-17 07:51:00+00:00,2026-05-17 07:51:00+00:00,long,remainder,-1.849028856469865,runner_resistance
2026-05-17 07:53:00+00:00,2026-05-17 07:53:00+00:00,long,remainder,-1.8486447729450426,runner_resistance
2026-05-17 07:55:00+00:00,2026-05-17 07:55:00+00:00,long,remainder,-1.8482607692027253,runner_resistance
2026-05-17 07:57:00+00:00,2026-05-17 07:57:00+00:00,long,remainder,-1.798811963528232,ema21_close
2026-05-21 07:40:00+00:00,2026-05-21 07:43:00+00:00,short,remainder,-2.6560026958189713,ema21_close
2026-05-21 16:38:00+00:00,2026-05-21 16:38:00+00:00,long,remainder,-2.3196014504842557,ema21_close
2026-05-21 16:54:00+00:00,2026-05-21 16:54:00+00:00,long,remainder,-1.7975131525082988,ema21_close
2026-05-22 20:01:00+00:00,2026-05-22 20:02:00+00:00,short,partial,-0.8007968800013376,partial_tp
2026-05-22 20:01:00+00:00,2026-05-22 20:02:00+00:00,short,remainder,-0.9191815358830342,runner_support
2026-05-24 20:41:00+00:00,2026-05-24 20:41:00+00:00,long,remainder,-2.8775641375018077,runner_resistance
2026-05-24 20:44:00+00:00,2026-05-24 20:47:00+00:00,long,remainder,-1.933704930792649,ema21_close
2026-05-26 20:23:00+00:00,2026-05-26 20:23:00+00:00,long,remainder,-2.711289319395335,runner_resistance
2026-05-27 16:54:00+00:00,2026-05-27 16:54:00+00:00,long,remainder,-2.5125758844580455,ema21_close
2026-05-27 17:00:00+00:00,2026-05-27 17:01:00+00:00,long,full,-5.461824550533584,init_sl
2026-05-28 15:16:00+00:00,2026-05-28 15:16:00+00:00,long,full,-3.151112632407993,init_sl
2026-05-28 15:18:00+00:00,2026-05-28 15:18:00+00:00,long,full,-4.181599745540704,init_sl
2026-05-29 20:46:00+00:00,2026-05-29 20:49:00+00:00,short,partial,-0.8051107819716149,partial_tp
2026-05-29 20:46:00+00:00,2026-05-29 20:55:00+00:00,short,remainder,1.4034104794789692,runner_support
2026-05-30 08:35:00+00:00,2026-05-30 08:41:00+00:00,long,remainder,-2.1736639480266353,ema21_close
2026-05-30 13:53:00+00:00,2026-05-30 14:04:00+00:00,short,full,-4.894960741182548,init_sl
2026-06-05 13:10:00+00:00,2026-06-05 13:10:00+00:00,short,partial,-0.7778769750728362,partial_tp
2026-06-05 13:10:00+00:00,2026-06-05 13:11:00+00:00,short,remainder,-1.7813005316705621,breakeven
2026-06-05 13:16:00+00:00,2026-06-05 13:16:00+00:00,short,full,-3.8222991778488398,init_sl
2026-06-06 10:54:00+00:00,2026-06-06 10:54:00+00:00,short,partial,-0.7496865372069474,partial_tp
2026-06-06 10:54:00+00:00,2026-06-06 10:54:00+00:00,short,remainder,-1.0485633093610613,runner_support
2026-06-06 15:31:00+00:00,2026-06-06 15:33:00+00:00,short,partial,-0.7493583957461478,partial_tp
2026-06-06 15:31:00+00:00,2026-06-06 15:34:00+00:00,short,remainder,-1.7799361281221178,breakeven
2026-06-07 07:01:00+00:00,2026-06-07 07:02:00+00:00,long,full,-4.707110635762302,init_sl
2026-06-07 07:24:00+00:00,2026-06-07 07:24:00+00:00,long,full,-3.5568642336907246,init_sl
2026-06-07 19:36:00+00:00,2026-06-07 19:37:00+00:00,short,remainder,-2.3739304437639466,ema21_close
2026-06-08 11:51:00+00:00,2026-06-08 11:51:00+00:00,long,partial,-0.7542994777925616,partial_tp
2026-06-08 11:51:00+00:00,2026-06-08 12:00:00+00:00,long,remainder,6.078850878466691,runner_resistance
2026-06-10 19:47:00+00:00,2026-06-10 19:47:00+00:00,short,partial,-0.6985550309667681,partial_tp
2026-06-10 19:47:00+00:00,2026-06-10 19:50:00+00:00,short,remainder,-1.7788649200014335,breakeven
2026-06-11 09:21:00+00:00,2026-06-11 09:21:00+00:00,short,partial,-0.697894007949011,partial_tp
2026-06-11 09:21:00+00:00,2026-06-11 09:23:00+00:00,short,remainder,-1.7783711081226297,breakeven
2026-06-11 19:45:00+00:00,2026-06-11 19:45:00+00:00,long,partial,-0.727457237969265,partial_tp
2026-06-11 19:45:00+00:00,2026-06-11 19:50:00+00:00,long,remainder,-1.7775722340585653,breakeven
2026-06-12 08:44:00+00:00,2026-06-12 08:44:00+00:00,long,partial,-0.7288620703591135,partial_tp
2026-06-12 08:44:00+00:00,2026-06-12 08:45:00+00:00,long,remainder,-1.777051977272399,breakeven
2026-06-14 08:32:00+00:00,2026-06-14 08:32:00+00:00,long,remainder,-1.786929784045687,ema21_close
2026-06-14 08:43:00+00:00,2026-06-14 08:43:00+00:00,long,partial,-0.7333333166972471,partial_tp
2026-06-14 08:43:00+00:00,2026-06-14 08:43:00+00:00,long,remainder,-1.2964486945561657,runner_resistance
2026-06-14 13:46:00+00:00,2026-06-14 13:51:00+00:00,short,partial,-0.730041449648394,partial_tp
2026-06-14 13:46:00+00:00,2026-06-14 13:51:00+00:00,short,remainder,-1.158787189435432,runner_support
2026-06-16 16:31:00+00:00,2026-06-16 16:31:00+00:00,long,partial,-0.7578386446347039,partial_tp
2026-06-16 16:31:00+00:00,2026-06-16 16:32:00+00:00,long,remainder,-1.7751004049096055,breakeven
2026-06-18 11:31:00+00:00,2026-06-18 11:31:00+00:00,short,remainder,-2.05564216410691,ema21_close
2026-06-18 20:20:00+00:00,2026-06-18 20:22:00+00:00,long,remainder,-1.8581965927096098,ema21_close
2026-06-18 20:24:00+00:00,2026-06-18 20:27:00+00:00,long,partial,-0.7278393864494908,partial_tp
2026-06-18 20:24:00+00:00,2026-06-18 20:28:00+00:00,long,remainder,-0.5709001371625835,runner_resistance
2026-06-20 13:41:00+00:00,2026-06-20 13:43:00+00:00,short,remainder,-1.5615247867857835,runner_support
2026-06-21 07:01:00+00:00,2026-06-21 07:30:00+00:00,long,remainder,-1.5196151706536585,ema21_close
2026-06-21 11:17:00+00:00,2026-06-21 11:17:00+00:00,long,remainder,-1.7839379880988406,ema21_close
2026-06-21 19:46:00+00:00,2026-06-21 19:46:00+00:00,long,remainder,-2.2914249486863,ema21_close
2026-06-23 21:35:00+00:00,2026-06-23 21:38:00+00:00,long,partial,-0.7019710604957909,partial_tp
2026-06-23 21:35:00+00:00,2026-06-23 21:38:00+00:00,long,remainder,-0.9589350175297966,runner_resistance
2026-06-24 21:49:00+00:00,2026-06-24 21:53:00+00:00,long,full,-4.863442563877609,init_sl
2026-06-24 21:55:00+00:00,2026-06-24 21:56:00+00:00,long,partial,-0.6736938000303692,partial_tp
2026-06-24 21:55:00+00:00,2026-06-24 21:56:00+00:00,long,remainder,-0.7615280395053021,runner_resistance
2026-06-26 21:14:00+00:00,2026-06-26 21:15:00+00:00,long,full,-4.21093541696746,init_sl
2026-06-26 21:36:00+00:00,2026-06-26 21:38:00+00:00,long,full,-4.252035624531239,init_sl
2026-06-27 19:53:00+00:00,2026-06-27 19:53:00+00:00,short,remainder,-2.4065233476451233,runner_support
2026-06-27 19:59:00+00:00,2026-06-27 19:59:00+00:00,short,full,-4.18562917479832,init_sl
2026-06-27 20:44:00+00:00,2026-06-27 20:48:00+00:00,long,remainder,-2.4578534489582755,ema21_close
2026-06-28 07:18:00+00:00,2026-06-28 07:18:00+00:00,short,full,-4.311562599869541,init_sl
2026-06-28 09:12:00+00:00,2026-06-28 09:12:00+00:00,long,remainder,-1.9497578586640318,runner_resistance
2026-06-28 09:14:00+00:00,2026-06-28 09:14:00+00:00,long,remainder,-1.9493248773267369,runner_resistance
2026-06-28 09:16:00+00:00,2026-06-28 09:16:00+00:00,long,remainder,-1.959651560025651,runner_resistance
2026-06-28 09:18:00+00:00,2026-06-28 09:18:00+00:00,long,full,-4.1981282930629975,init_sl
2026-06-30 18:25:00+00:00,2026-06-30 18:27:00+00:00,long,full,-5.552995917510666,init_sl
2026-06-30 19:46:00+00:00,2026-06-30 19:50:00+00:00,short,partial,-0.6735632927621236,partial_tp
2026-06-30 19:46:00+00:00,2026-06-30 19:50:00+00:00,short,remainder,-0.6081508505336028,runner_support
2026-06-30 20:15:00+00:00,2026-06-30 20:15:00+00:00,short,remainder,-1.763518449937252,ema21_close
2026-07-01 12:00:00+00:00,2026-07-01 12:00:00+00:00,long,partial,-0.6758410877750098,partial_tp
2026-07-01 12:00:00+00:00,2026-07-01 12:01:00+00:00,long,remainder,-1.7631324567126012,breakeven
2026-07-02 18:43:00+00:00,2026-07-02 18:43:00+00:00,long,full,-3.4610414182907014,init_sl
2026-07-02 18:50:00+00:00,2026-07-02 18:50:00+00:00,long,full,0.5995719676453075,init_sl
2026-07-02 20:37:00+00:00,2026-07-02 20:38:00+00:00,long,full,-4.79854672165505,init_sl
2026-07-02 21:23:00+00:00,2026-07-02 21:29:00+00:00,long,remainder,-2.153743522423386,ema21_close
2026-07-03 15:20:00+00:00,2026-07-03 15:20:00+00:00,long,full,-3.9615346727472405,init_sl
2026-07-05 20:25:00+00:00,2026-07-05 21:04:00+00:00,long,partial,-0.7122303462615334,partial_tp
2026-07-05 20:25:00+00:00,2026-07-05 21:16:00+00:00,long,remainder,-1.0473532046635685,ema21_close
2026-07-06 17:14:00+00:00,2026-07-06 17:14:00+00:00,long,remainder,-3.001525129694164,ema21_close
2026-07-07 12:33:00+00:00,2026-07-07 12:33:00+00:00,long,partial,-0.7086204600494239,partial_tp
2026-07-07 12:33:00+00:00,2026-07-07 12:34:00+00:00,long,remainder,-1.7585639021254615,breakeven
2026-07-09 20:55:00+00:00,2026-07-09 20:55:00+00:00,long,remainder,-2.086980687653947,runner_resistance
2026-07-10 20:18:00+00:00,2026-07-10 20:19:00+00:00,long,partial,-0.6944724906863116,partial_tp
2026-07-10 20:18:00+00:00,2026-07-10 20:26:00+00:00,long,remainder,-1.7577867775635105,breakeven
2026-07-10 20:34:00+00:00,2026-07-10 20:37:00+00:00,long,remainder,-2.1930928602749966,ema21_close
2026-07-10 21:10:00+00:00,2026-07-10 21:17:00+00:00,long,full,-4.744425955603172,init_sl
2026-07-10 21:31:00+00:00,2026-07-10 21:34:00+00:00,long,remainder,-2.3813549659376587,ema21_close
2026-07-10 21:47:00+00:00,2026-07-10 21:47:00+00:00,long,remainder,-1.7660001291147107,ema21_close
2026-07-11 07:07:00+00:00,2026-07-11 07:23:00+00:00,long,remainder,-1.8398424295518814,ema21_close
2026-07-11 10:09:00+00:00,2026-07-11 10:09:00+00:00,long,remainder,-2.8034238123074084,runner_resistance
2026-07-11 10:11:00+00:00,2026-07-11 10:11:00+00:00,long,remainder,-2.8025225700473895,runner_resistance
2026-07-11 10:13:00+00:00,2026-07-11 10:13:00+00:00,long,remainder,-2.8016216175179522,runner_resistance
2026-07-11 10:15:00+00:00,2026-07-11 10:15:00+00:00,long,remainder,-2.8113015993994703,runner_resistance
2026-07-11 10:17:00+00:00,2026-07-11 10:17:00+00:00,long,remainder,-1.79473385845981,ema21_close
2026-07-12 10:26:00+00:00,2026-07-12 10:31:00+00:00,long,remainder,-1.6777849076363933,runner_resistance
2026-07-12 11:07:00+00:00,2026-07-12 11:07:00+00:00,long,remainder,-2.176225409871263,runner_resistance
2026-07-12 11:09:00+00:00,2026-07-12 11:09:00+00:00,long,remainder,-2.1650732506996997,runner_resistance
2026-07-12 11:11:00+00:00,2026-07-12 11:11:00+00:00,long,remainder,-2.164534670877906,runner_resistance
2026-07-12 11:27:00+00:00,2026-07-12 11:27:00+00:00,long,remainder,-2.2912273199028332,runner_resistance
2026-07-12 11:36:00+00:00,2026-07-12 11:36:00+00:00,long,remainder,-2.2906238475988636,runner_resistance
2026-07-12 11:39:00+00:00,2026-07-12 11:39:00+00:00,long,remainder,-2.290020534239762,runner_resistance
2026-07-12 15:35:00+00:00,2026-07-12 15:44:00+00:00,long,remainder,-2.035158165920617,ema21_close
2026-07-12 19:36:00+00:00,2026-07-12 20:04:00+00:00,long,full,-3.6670047708084166,init_sl
2026-07-14 13:01:00+00:00,2026-07-14 13:01:00+00:00,long,full,7.875211518409884,init_sl
2026-07-14 13:08:00+00:00,2026-07-14 13:08:00+00:00,long,partial,-0.6819523860489425,partial_tp
2026-07-14 13:08:00+00:00,2026-07-14 13:11:00+00:00,long,remainder,-1.7495752593425538,breakeven
2026-07-15 19:51:00+00:00,2026-07-15 19:51:00+00:00,short,remainder,-1.7598894026617324,ema21_close
2026-07-19 19:33:00+00:00,2026-07-19 19:33:00+00:00,long,remainder,-2.496242303590031,runner_resistance
2026-07-20 08:00:00+00:00,2026-07-20 08:00:00+00:00,long,partial,-0.6665587944734979,partial_tp
2026-07-20 08:00:00+00:00,2026-07-20 08:00:00+00:00,long,remainder,2.9791776836831922,runner_resistance
2026-07-21 18:54:00+00:00,2026-07-21 18:55:00+00:00,long,partial,-0.6824544986584993,partial_tp
2026-07-21 18:54:00+00:00,2026-07-21 19:03:00+00:00,long,remainder,3.1346554967089997,runner_resistance
2026-07-22 09:28:00+00:00,2026-07-22 09:28:00+00:00,long,full,-3.6883669827964667,init_sl
2026-07-23 20:17:00+00:00,2026-07-23 20:20:00+00:00,long,remainder,-2.188543063442095,ema21_close
2026-07-25 07:03:00+00:00,2026-07-25 07:03:00+00:00,long,remainder,-4.555641556501875,runner_resistance
2026-07-25 07:05:00+00:00,2026-07-25 07:05:00+00:00,long,remainder,-4.553252400553933,runner_resistance
2026-07-25 07:09:00+00:00,2026-07-25 07:09:00+00:00,long,remainder,-4.550864497572464,runner_resistance
2026-07-25 07:14:00+00:00,2026-07-25 07:14:00+00:00,long,remainder,-4.548477846900368,runner_resistance
2026-07-25 07:16:00+00:00,2026-07-25 07:16:00+00:00,long,remainder,-4.546092447880882,runner_resistance
2026-07-25 07:18:00+00:00,2026-07-25 07:18:00+00:00,long,remainder,-4.543708299857592,runner_resistance
2026-07-25 07:20:00+00:00,2026-07-25 07:20:00+00:00,long,remainder,-4.541325402174427,runner_resistance
2026-07-25 11:18:00+00:00,2026-07-25 11:18:00+00:00,long,full,-2.4367766687100962,init_sl
2026-07-25 11:20:00+00:00,2026-07-25 11:20:00+00:00,long,full,-2.436090593689901,init_sl
2026-07-25 11:22:00+00:00,2026-07-25 11:22:00+00:00,long,full,-2.4354047118342828,init_sl
2026-07-25 11:24:00+00:00,2026-07-25 11:24:00+00:00,long,full,-2.4347190230888565,init_sl
2026-07-25 11:26:00+00:00,2026-07-25 11:26:00+00:00,long,full,-2.434033527399249,init_sl
2026-07-25 11:28:00+00:00,2026-07-25 11:28:00+00:00,long,full,-2.433348224711109,init_sl
2026-07-25 11:30:00+00:00,2026-07-25 11:30:00+00:00,long,full,-2.4326631149700946,init_sl
2026-07-26 21:44:00+00:00,2026-07-26 21:45:00+00:00,long,full,-4.282657578496239,init_sl
2026-07-26 21:47:00+00:00,2026-07-26 21:47:00+00:00,long,full,-3.517042542887281,init_sl
2026-07-26 21:49:00+00:00,2026-07-26 21:49:00+00:00,long,full,-3.4944084147017795,init_sl
2026-07-26 21:55:00+00:00,2026-07-26 21:56:00+00:00,long,remainder,-2.170300205647468,ema21_close
2026-07-27 08:21:00+00:00,2026-07-27 08:22:00+00:00,short,remainder,-1.714308852854672,runner_support
2026-07-27 08:25:00+00:00,2026-07-27 08:25:00+00:00,short,full,-4.842432274045528,init_sl
2026-07-30 11:01:00+00:00,2026-07-30 11:01:00+00:00,long,remainder,-1.8503525841976245,ema21_close
2026-07-30 16:33:00+00:00,2026-07-30 16:33:00+00:00,long,remainder,-2.6244106248822137,ema21_close
2026-08-01 07:38:00+00:00,2026-08-01 07:38:00+00:00,long,full,-3.0835246474963847,init_sl
2026-08-01 07:40:00+00:00,2026-08-01 07:40:00+00:00,long,full,-3.0824207610203613,init_sl
2026-08-01 07:42:00+00:00,2026-08-01 07:42:00+00:00,long,full,-3.081317269730202,init_sl
2026-08-01 07:44:00+00:00,2026-08-01 07:44:00+00:00,long,full,-3.080214173484432,init_sl
2026-08-01 07:46:00+00:00,2026-08-01 07:46:00+00:00,long,full,-3.0791114721416277,init_sl
2026-08-01 07:49:00+00:00,2026-08-01 07:49:00+00:00,long,full,-3.078009165560415,init_sl
2026-08-01 07:51:00+00:00,2026-08-01 07:51:00+00:00,long,full,-3.076907253599473,init_sl
2026-08-01 07:54:00+00:00,2026-08-01 07:54:00+00:00,long,full,-3.0758057361175277,init_sl
2026-08-01 07:56:00+00:00,2026-08-01 07:56:00+00:00,long,full,-3.0747046129733584,init_sl
2026-08-01 07:58:00+00:00,2026-08-01 07:58:00+00:00,long,full,-3.0736038840257938,init_sl
2026-08-01 08:00:00+00:00,2026-08-01 08:00:00+00:00,long,full,-3.072503549133714,init_sl
2026-08-01 09:23:00+00:00,2026-08-01 09:26:00+00:00,long,remainder,-1.8324395194913983,ema21_close
2026-08-01 09:33:00+00:00,2026-08-01 09:33:00+00:00,long,remainder,-1.7367117466679882,ema21_close
2026-08-01 12:30:00+00:00,2026-08-01 12:49:00+00:00,long,remainder,-1.598645328866141,runner_resistance
2026-08-02 10:02:00+00:00,2026-08-02 10:22:00+00:00,long,remainder,-1.7782047349543397,ema21_close
2026-08-02 11:33:00+00:00,2026-08-02 11:33:00+00:00,long,remainder,-1.9678042259965673,ema21_close
2026-08-02 13:23:00+00:00,2026-08-02 13:23:00+00:00,long,remainder,-1.787975355057886,ema21_close
2026-08-04 09:30:00+00:00,2026-08-04 09:31:00+00:00,short,partial,-0.6657034138645423,partial_tp
2026-08-04 09:30:00+00:00,2026-08-04 09:32:00+00:00,short,remainder,-1.7243377814170409,breakeven
2026-08-09 15:40:00+00:00,2026-08-09 15:40:00+00:00,long,remainder,-3.0504037326262754,runner_resistance
2026-08-09 15:46:00+00:00,2026-08-09 15:46:00+00:00,long,remainder,-3.0591427602448547,runner_resistance
2026-08-09 20:06:00+00:00,2026-08-09 20:07:00+00:00,long,partial,-0.7395832900971426,partial_tp
2026-08-09 20:06:00+00:00,2026-08-09 20:07:00+00:00,long,remainder,-0.2680835421670378,runner_resistance
